pkt arrived time,pkt arrived time(Scaled),MACsrc,MACdst,APPID,length,gocbRef,Timeallowedtolive,datset,goID,t,stNum,sqNum,istest?,num of data,data
1648187682.22488,8240938.41112440,20:17:01:16:f0:23,01:0c:cd:01:00:01,0x8001,147,SimulationTestbed/PIOC$TRSF1$CBStval,2000,SimulationTestbed/PIOC$CBStval,PIOC_TRSF1_CBStval,1648187681,1,0,FALSE,4,"[0, 1, 0, 1]"
1648187682.40367,8240938.41201835,20:17:01:16:f0:32,01:0c:cd:01:00:01,0x8002,147,SimulationTestbed/PIOC$TRSF2$CBStval,2000,SimulationTestbed/PIOC$CBStval,PIOC_TRSF2_CBStval,1648187681,1,0,FALSE,4,"[1, 0, 0, 1]"
1648187683.22514,8240938.41612570,20:17:01:16:f0:23,01:0c:cd:01:00:01,0x8001,147,SimulationTestbed/PIOC$TRSF1$CBStval,2000,SimulationTestbed/PIOC$CBStval,PIOC_TRSF1_CBStval,1648187681,1,1,FALSE,4,"[0, 1, 0, 1]"
1648187683.40457,8240938.41702285,20:17:01:16:f0:32,01:0c:cd:01:00:01,0x8002,147,SimulationTestbed/PIOC$TRSF2$CBStval,2000,SimulationTestbed/PIOC$CBStval,PIOC_TRSF2_CBStval,1648187681,1,1,FALSE,4,"[1, 0, 0, 1]"
1648187684.22606,8240938.42113030,20:17:01:16:f0:23,01:0c:cd:01:00:01,0x8001,147,SimulationTestbed/PIOC$TRSF1$CBStval,2000,SimulationTestbed/PIOC$CBStval,PIOC_TRSF1_CBStval,1648187681,1,2,FALSE,4,"[0, 1, 0, 1]"
1648187684.40414,8240938.42202070,20:17:01:16:f0:32,01:0c:cd:01:00:01,0x8002,147,SimulationTestbed/PIOC$TRSF2$CBStval,2000,SimulationTestbed/PIOC$CBStval,PIOC_TRSF2_CBStval,1648187681,1,2,FALSE,4,"[1, 0, 0, 1]"
1648187685.22621,8240938.42613105,20:17:01:16:f0:23,01:0c:cd:01:00:01,0x8001,147,SimulationTestbed/PIOC$TRSF1$CBStval,2000,SimulationTestbed/PIOC$CBStval,PIOC_TRSF1_CBStval,1648187681,1,3,FALSE,4,"[0, 1, 0, 1]"
1648187685.40474,8240938.42702370,20:17:01:16:f0:32,01:0c:cd:01:00:01,0x8002,147,SimulationTestbed/PIOC$TRSF2$CBStval,2000,SimulationTestbed/PIOC$CBStval,PIOC_TRSF2_CBStval,1648187681,1,3,FALSE,4,"[1, 0, 0, 1]"
1648187685.52476,8240938.42762380,20:17:01:16:f0:11,01:0c:cd:01:00:01,0x8003,152,SimulationTestbed/PIOC$FDR$CBStval,2000,SimulationTestbed/PIOC$CBStval,PIOC_FDR_CBStval,1648187684,1,0,FALSE,7,"[0, 1, 0, 0, 0, 0, 0]"
1648187686.22642,8240938.43113210,20:17:01:16:f0:23,01:0c:cd:01:00:01,0x8001,147,SimulationTestbed/PIOC$TRSF1$CBStval,2000,SimulationTestbed/PIOC$CBStval,PIOC_TRSF1_CBStval,1648187681,1,4,FALSE,4,"[0, 1, 0, 1]"
1648187686.40528,8240938.43202640,20:17:01:16:f0:32,01:0c:cd:01:00:01,0x8002,147,SimulationTestbed/PIOC$TRSF2$CBStval,2000,SimulationTestbed/PIOC$CBStval,PIOC_TRSF2_CBStval,1648187681,1,4,FALSE,4,"[1, 0, 0, 1]"
1648187686.52494,8240938.43262470,20:17:01:16:f0:11,01:0c:cd:01:00:01,0x8003,152,SimulationTestbed/PIOC$FDR$CBStval,2000,SimulationTestbed/PIOC$CBStval,PIOC_FDR_CBStval,1648187684,1,1,FALSE,7,"[0, 1, 0, 0, 0, 0, 0]"
1648187687.22676,8240938.43613380,20:17:01:16:f0:23,01:0c:cd:01:00:01,0x8001,147,SimulationTestbed/PIOC$TRSF1$CBStval,2000,SimulationTestbed/PIOC$CBStval,PIOC_TRSF1_CBStval,1648187681,1,5,FALSE,4,"[0, 1, 0, 1]"
1648187687.40698,8240938.43703490,20:17:01:16:f0:32,01:0c:cd:01:00:01,0x8002,147,SimulationTestbed/PIOC$TRSF2$CBStval,2000,SimulationTestbed/PIOC$CBStval,PIOC_TRSF2_CBStval,1648187681,1,5,FALSE,4,"[1, 0, 0, 1]"
1648187687.52615,8240938.43763075,20:17:01:16:f0:11,01:0c:cd:01:00:01,0x8003,152,SimulationTestbed/PIOC$FDR$CBStval,2000,SimulationTestbed/PIOC$CBStval,PIOC_FDR_CBStval,1648187684,1,2,FALSE,7,"[0, 1, 0, 0, 0, 0, 0]"
1648187688.22698,8240938.44113490,20:17:01:16:f0:23,01:0c:cd:01:00:01,0x8001,147,SimulationTestbed/PIOC$TRSF1$CBStval,2000,SimulationTestbed/PIOC$CBStval,PIOC_TRSF1_CBStval,1648187681,1,6,FALSE,4,"[0, 1, 0, 1]"
1648187688.40639,8240938.44203195,20:17:01:16:f0:32,01:0c:cd:01:00:01,0x8002,147,SimulationTestbed/PIOC$TRSF2$CBStval,2000,SimulationTestbed/PIOC$CBStval,PIOC_TRSF2_CBStval,1648187681,1,6,FALSE,4,"[1, 0, 0, 1]"
1648187688.52808,8240938.44264040,20:17:01:16:f0:11,01:0c:cd:01:00:01,0x8003,152,SimulationTestbed/PIOC$FDR$CBStval,2000,SimulationTestbed/PIOC$CBStval,PIOC_FDR_CBStval,1648187684,1,3,FALSE,7,"[0, 1, 0, 0, 0, 0, 0]"
1648187689.23120,8240938.44615600,20:17:01:16:f0:23,01:0c:cd:01:00:01,0x8001,147,SimulationTestbed/PIOC$TRSF1$CBStval,2000,SimulationTestbed/PIOC$CBStval,PIOC_TRSF1_CBStval,1648187681,1,7,FALSE,4,"[0, 1, 0, 1]"
1648187689.40730,8240938.44703650,20:17:01:16:f0:32,01:0c:cd:01:00:01,0x8002,147,SimulationTestbed/PIOC$TRSF2$CBStval,2000,SimulationTestbed/PIOC$CBStval,PIOC_TRSF2_CBStval,1648187681,1,7,FALSE,4,"[1, 0, 0, 1]"
1648187689.52798,8240938.44763990,20:17:01:16:f0:11,01:0c:cd:01:00:01,0x8003,152,SimulationTestbed/PIOC$FDR$CBStval,2000,SimulationTestbed/PIOC$CBStval,PIOC_FDR_CBStval,1648187684,1,4,FALSE,7,"[0, 1, 0, 0, 0, 0, 0]"
1648187690.23146,8240938.45115730,20:17:01:16:f0:23,01:0c:cd:01:00:01,0x8001,147,SimulationTestbed/PIOC$TRSF1$CBStval,2000,SimulationTestbed/PIOC$CBStval,PIOC_TRSF1_CBStval,1648187681,1,8,FALSE,4,"[0, 1, 0, 1]"
1648187690.40715,8240938.45203575,20:17:01:16:f0:32,01:0c:cd:01:00:01,0x8002,147,SimulationTestbed/PIOC$TRSF2$CBStval,2000,SimulationTestbed/PIOC$CBStval,PIOC_TRSF2_CBStval,1648187681,1,8,FALSE,4,"[1, 0, 0, 1]"
1648187690.52943,8240938.45264715,20:17:01:16:f0:11,01:0c:cd:01:00:01,0x8003,152,SimulationTestbed/PIOC$FDR$CBStval,2000,SimulationTestbed/PIOC$CBStval,PIOC_FDR_CBStval,1648187684,1,5,FALSE,7,"[0, 1, 0, 0, 0, 0, 0]"
1648187691.23198,8240938.45615990,20:17:01:16:f0:23,01:0c:cd:01:00:01,0x8001,147,SimulationTestbed/PIOC$TRSF1$CBStval,2000,SimulationTestbed/PIOC$CBStval,PIOC_TRSF1_CBStval,1648187681,1,9,FALSE,4,"[0, 1, 0, 1]"
1648187691.40743,8240938.45703715,20:17:01:16:f0:32,01:0c:cd:01:00:01,0x8002,147,SimulationTestbed/PIOC$TRSF2$CBStval,2000,SimulationTestbed/PIOC$CBStval,PIOC_TRSF2_CBStval,1648187681,1,9,FALSE,4,"[1, 0, 0, 1]"
1648187691.52919,8240938.45764595,20:17:01:16:f0:11,01:0c:cd:01:00:01,0x8003,152,SimulationTestbed/PIOC$FDR$CBStval,2000,SimulationTestbed/PIOC$CBStval,PIOC_FDR_CBStval,1648187684,1,6,FALSE,7,"[0, 1, 0, 0, 0, 0, 0]"
1648187692.23259,8240938.46116295,20:17:01:16:f0:23,01:0c:cd:01:00:01,0x8001,147,SimulationTestbed/PIOC$TRSF1$CBStval,2000,SimulationTestbed/PIOC$CBStval,PIOC_TRSF1_CBStval,1648187681,1,10,FALSE,4,"[0, 1, 0, 1]"
1648187692.40825,8240938.46204125,20:17:01:16:f0:32,01:0c:cd:01:00:01,0x8002,147,SimulationTestbed/PIOC$TRSF2$CBStval,2000,SimulationTestbed/PIOC$CBStval,PIOC_TRSF2_CBStval,1648187681,1,10,FALSE,4,"[1, 0, 0, 1]"
1648187692.52970,8240938.46264850,20:17:01:16:f0:11,01:0c:cd:01:00:01,0x8003,152,SimulationTestbed/PIOC$FDR$CBStval,2000,SimulationTestbed/PIOC$CBStval,PIOC_FDR_CBStval,1648187684,1,7,FALSE,7,"[0, 1, 0, 0, 0, 0, 0]"
1648187693.23284,8240938.46616420,20:17:01:16:f0:23,01:0c:cd:01:00:01,0x8001,147,SimulationTestbed/PIOC$TRSF1$CBStval,2000,SimulationTestbed/PIOC$CBStval,PIOC_TRSF1_CBStval,1648187681,1,11,FALSE,4,"[0, 1, 0, 1]"
1648187693.40938,8240938.46704690,20:17:01:16:f0:32,01:0c:cd:01:00:01,0x8002,147,SimulationTestbed/PIOC$TRSF2$CBStval,2000,SimulationTestbed/PIOC$CBStval,PIOC_TRSF2_CBStval,1648187681,1,11,FALSE,4,"[1, 0, 0, 1]"
1648187693.53028,8240938.46765140,20:17:01:16:f0:11,01:0c:cd:01:00:01,0x8003,152,SimulationTestbed/PIOC$FDR$CBStval,2000,SimulationTestbed/PIOC$CBStval,PIOC_FDR_CBStval,1648187684,1,8,FALSE,7,"[0, 1, 0, 0, 0, 0, 0]"
1648187694.23319,8240938.47116595,20:17:01:16:f0:23,01:0c:cd:01:00:01,0x8001,147,SimulationTestbed/PIOC$TRSF1$CBStval,2000,SimulationTestbed/PIOC$CBStval,PIOC_TRSF1_CBStval,1648187681,1,12,FALSE,4,"[0, 1, 0, 1]"
1648187694.40963,8240938.47204815,20:17:01:16:f0:32,01:0c:cd:01:00:01,0x8002,147,SimulationTestbed/PIOC$TRSF2$CBStval,2000,SimulationTestbed/PIOC$CBStval,PIOC_TRSF2_CBStval,1648187681,1,12,FALSE,4,"[1, 0, 0, 1]"
1648187694.53087,8240938.47265435,20:17:01:16:f0:11,01:0c:cd:01:00:01,0x8003,152,SimulationTestbed/PIOC$FDR$CBStval,2000,SimulationTestbed/PIOC$CBStval,PIOC_FDR_CBStval,1648187684,1,9,FALSE,7,"[0, 1, 0, 0, 0, 0, 0]"
1648187695.23336,8240938.47616680,20:17:01:16:f0:23,01:0c:cd:01:00:01,0x8001,147,SimulationTestbed/PIOC$TRSF1$CBStval,2000,SimulationTestbed/PIOC$CBStval,PIOC_TRSF1_CBStval,1648187681,1,13,FALSE,4,"[0, 1, 0, 1]"
1648187695.40983,8240938.47704915,20:17:01:16:f0:32,01:0c:cd:01:00:01,0x8002,147,SimulationTestbed/PIOC$TRSF2$CBStval,2000,SimulationTestbed/PIOC$CBStval,PIOC_TRSF2_CBStval,1648187681,1,13,FALSE,4,"[1, 0, 0, 1]"
1648187695.53066,8240938.47765330,20:17:01:16:f0:11,01:0c:cd:01:00:01,0x8003,152,SimulationTestbed/PIOC$FDR$CBStval,2000,SimulationTestbed/PIOC$CBStval,PIOC_FDR_CBStval,1648187684,1,10,FALSE,7,"[0, 1, 0, 0, 0, 0, 0]"
1648187696.23374,8240938.48116870,20:17:01:16:f0:23,01:0c:cd:01:00:01,0x8001,147,SimulationTestbed/PIOC$TRSF1$CBStval,2000,SimulationTestbed/PIOC$CBStval,PIOC_TRSF1_CBStval,1648187681,1,14,FALSE,4,"[0, 1, 0, 1]"
1648187696.41019,8240938.48205095,20:17:01:16:f0:32,01:0c:cd:01:00:01,0x8002,147,SimulationTestbed/PIOC$TRSF2$CBStval,2000,SimulationTestbed/PIOC$CBStval,PIOC_TRSF2_CBStval,1648187681,1,14,FALSE,4,"[1, 0, 0, 1]"
1648187696.53099,8240938.48265495,20:17:01:16:f0:11,01:0c:cd:01:00:01,0x8003,152,SimulationTestbed/PIOC$FDR$CBStval,2000,SimulationTestbed/PIOC$CBStval,PIOC_FDR_CBStval,1648187684,1,11,FALSE,7,"[0, 1, 0, 0, 0, 0, 0]"
1648187697.23549,8240938.48617745,20:17:01:16:f0:23,01:0c:cd:01:00:01,0x8001,147,SimulationTestbed/PIOC$TRSF1$CBStval,2000,SimulationTestbed/PIOC$CBStval,PIOC_TRSF1_CBStval,1648187681,1,15,FALSE,4,"[0, 1, 0, 1]"
1648187697.41119,8240938.48705595,20:17:01:16:f0:32,01:0c:cd:01:00:01,0x8002,147,SimulationTestbed/PIOC$TRSF2$CBStval,2000,SimulationTestbed/PIOC$CBStval,PIOC_TRSF2_CBStval,1648187681,1,15,FALSE,4,"[1, 0, 0, 1]"
1648187697.53121,8240938.48765605,20:17:01:16:f0:11,01:0c:cd:01:00:01,0x8003,152,SimulationTestbed/PIOC$FDR$CBStval,2000,SimulationTestbed/PIOC$CBStval,PIOC_FDR_CBStval,1648187684,1,12,FALSE,7,"[0, 1, 0, 0, 0, 0, 0]"
1648187698.23604,8240938.49118020,20:17:01:16:f0:23,01:0c:cd:01:00:01,0x8001,147,SimulationTestbed/PIOC$TRSF1$CBStval,2000,SimulationTestbed/PIOC$CBStval,PIOC_TRSF1_CBStval,1648187681,1,16,FALSE,4,"[0, 1, 0, 1]"
1648187698.41191,8240938.49205955,20:17:01:16:f0:32,01:0c:cd:01:00:01,0x8002,147,SimulationTestbed/PIOC$TRSF2$CBStval,2000,SimulationTestbed/PIOC$CBStval,PIOC_TRSF2_CBStval,1648187681,1,16,FALSE,4,"[1, 0, 0, 1]"
1648187698.53132,8240938.49265660,20:17:01:16:f0:11,01:0c:cd:01:00:01,0x8003,152,SimulationTestbed/PIOC$FDR$CBStval,2000,SimulationTestbed/PIOC$CBStval,PIOC_FDR_CBStval,1648187684,1,13,FALSE,7,"[0, 1, 0, 0, 0, 0, 0]"
1648187699.23632,8240938.49618160,20:17:01:16:f0:23,01:0c:cd:01:00:01,0x8001,147,SimulationTestbed/PIOC$TRSF1$CBStval,2000,SimulationTestbed/PIOC$CBStval,PIOC_TRSF1_CBStval,1648187681,1,17,FALSE,4,"[0, 1, 0, 1]"
1648187699.41170,8240938.49705850,20:17:01:16:f0:32,01:0c:cd:01:00:01,0x8002,147,SimulationTestbed/PIOC$TRSF2$CBStval,2000,SimulationTestbed/PIOC$CBStval,PIOC_TRSF2_CBStval,1648187681,1,17,FALSE,4,"[1, 0, 0, 1]"
1648187699.53254,8240938.49766270,20:17:01:16:f0:11,01:0c:cd:01:00:01,0x8003,152,SimulationTestbed/PIOC$FDR$CBStval,2000,SimulationTestbed/PIOC$CBStval,PIOC_FDR_CBStval,1648187684,1,14,FALSE,7,"[0, 1, 0, 0, 0, 0, 0]"
1648187700.23656,8240938.50118280,20:17:01:16:f0:23,01:0c:cd:01:00:01,0x8001,147,SimulationTestbed/PIOC$TRSF1$CBStval,2000,SimulationTestbed/PIOC$CBStval,PIOC_TRSF1_CBStval,1648187681,1,18,FALSE,4,"[0, 1, 0, 1]"
1648187700.41224,8240938.50206120,20:17:01:16:f0:32,01:0c:cd:01:00:01,0x8002,147,SimulationTestbed/PIOC$TRSF2$CBStval,2000,SimulationTestbed/PIOC$CBStval,PIOC_TRSF2_CBStval,1648187681,1,18,FALSE,4,"[1, 0, 0, 1]"
1648187700.53295,8240938.50266475,20:17:01:16:f0:11,01:0c:cd:01:00:01,0x8003,152,SimulationTestbed/PIOC$FDR$CBStval,2000,SimulationTestbed/PIOC$CBStval,PIOC_FDR_CBStval,1648187684,1,15,FALSE,7,"[0, 1, 0, 0, 0, 0, 0]"
1648187701.23727,8240938.50618635,20:17:01:16:f0:23,01:0c:cd:01:00:01,0x8001,147,SimulationTestbed/PIOC$TRSF1$CBStval,2000,SimulationTestbed/PIOC$CBStval,PIOC_TRSF1_CBStval,1648187681,1,19,FALSE,4,"[0, 1, 0, 1]"
1648187701.41283,8240938.50706415,20:17:01:16:f0:32,01:0c:cd:01:00:01,0x8002,147,SimulationTestbed/PIOC$TRSF2$CBStval,2000,SimulationTestbed/PIOC$CBStval,PIOC_TRSF2_CBStval,1648187681,1,19,FALSE,4,"[1, 0, 0, 1]"
1648187701.53406,8240938.50767030,20:17:01:16:f0:11,01:0c:cd:01:00:01,0x8003,152,SimulationTestbed/PIOC$FDR$CBStval,2000,SimulationTestbed/PIOC$CBStval,PIOC_FDR_CBStval,1648187684,1,16,FALSE,7,"[0, 1, 0, 0, 0, 0, 0]"
1648187702.23747,8240938.51118735,20:17:01:16:f0:23,01:0c:cd:01:00:01,0x8001,147,SimulationTestbed/PIOC$TRSF1$CBStval,2000,SimulationTestbed/PIOC$CBStval,PIOC_TRSF1_CBStval,1648187681,1,20,FALSE,4,"[0, 1, 0, 1]"
1648187702.41300,8240938.51206500,20:17:01:16:f0:32,01:0c:cd:01:00:01,0x8002,147,SimulationTestbed/PIOC$TRSF2$CBStval,2000,SimulationTestbed/PIOC$CBStval,PIOC_TRSF2_CBStval,1648187681,1,20,FALSE,4,"[1, 0, 0, 1]"
1648187702.53505,8240938.51267525,20:17:01:16:f0:11,01:0c:cd:01:00:01,0x8003,152,SimulationTestbed/PIOC$FDR$CBStval,2000,SimulationTestbed/PIOC$CBStval,PIOC_FDR_CBStval,1648187684,1,17,FALSE,7,"[0, 1, 0, 0, 0, 0, 0]"
1648187703.23774,8240938.51618870,20:17:01:16:f0:23,01:0c:cd:01:00:01,0x8001,147,SimulationTestbed/PIOC$TRSF1$CBStval,2000,SimulationTestbed/PIOC$CBStval,PIOC_TRSF1_CBStval,1648187681,1,21,FALSE,4,"[0, 1, 0, 1]"
1648187703.41387,8240938.51706935,20:17:01:16:f0:32,01:0c:cd:01:00:01,0x8002,147,SimulationTestbed/PIOC$TRSF2$CBStval,2000,SimulationTestbed/PIOC$CBStval,PIOC_TRSF2_CBStval,1648187681,1,21,FALSE,4,"[1, 0, 0, 1]"
1648187703.53512,8240938.51767560,20:17:01:16:f0:11,01:0c:cd:01:00:01,0x8003,152,SimulationTestbed/PIOC$FDR$CBStval,2000,SimulationTestbed/PIOC$CBStval,PIOC_FDR_CBStval,1648187684,1,18,FALSE,7,"[0, 1, 0, 0, 0, 0, 0]"
1648187704.23885,8240938.52119425,20:17:01:16:f0:23,01:0c:cd:01:00:01,0x8001,147,SimulationTestbed/PIOC$TRSF1$CBStval,2000,SimulationTestbed/PIOC$CBStval,PIOC_TRSF1_CBStval,1648187681,1,22,FALSE,4,"[0, 1, 0, 1]"
1648187704.41458,8240938.52207290,20:17:01:16:f0:32,01:0c:cd:01:00:01,0x8002,147,SimulationTestbed/PIOC$TRSF2$CBStval,2000,SimulationTestbed/PIOC$CBStval,PIOC_TRSF2_CBStval,1648187681,1,22,FALSE,4,"[1, 0, 0, 1]"
1648187704.53960,8240938.52269800,20:17:01:16:f0:11,01:0c:cd:01:00:01,0x8003,152,SimulationTestbed/PIOC$FDR$CBStval,2000,SimulationTestbed/PIOC$CBStval,PIOC_FDR_CBStval,1648187684,1,19,FALSE,7,"[0, 1, 0, 0, 0, 0, 0]"
1648187705.23909,8240938.52619545,20:17:01:16:f0:23,01:0c:cd:01:00:01,0x8001,147,SimulationTestbed/PIOC$TRSF1$CBStval,2000,SimulationTestbed/PIOC$CBStval,PIOC_TRSF1_CBStval,1648187681,1,23,FALSE,4,"[0, 1, 0, 1]"
1648187705.41539,8240938.52707695,20:17:01:16:f0:32,01:0c:cd:01:00:01,0x8002,147,SimulationTestbed/PIOC$TRSF2$CBStval,2000,SimulationTestbed/PIOC$CBStval,PIOC_TRSF2_CBStval,1648187681,1,23,FALSE,4,"[1, 0, 0, 1]"
1648187705.53936,8240938.52769680,20:17:01:16:f0:11,01:0c:cd:01:00:01,0x8003,152,SimulationTestbed/PIOC$FDR$CBStval,2000,SimulationTestbed/PIOC$CBStval,PIOC_FDR_CBStval,1648187684,1,20,FALSE,7,"[0, 1, 0, 0, 0, 0, 0]"
1648187706.23995,8240938.53119975,20:17:01:16:f0:23,01:0c:cd:01:00:01,0x8001,147,SimulationTestbed/PIOC$TRSF1$CBStval,2000,SimulationTestbed/PIOC$CBStval,PIOC_TRSF1_CBStval,1648187681,1,24,FALSE,4,"[0, 1, 0, 1]"
1648187706.41572,8240938.53207860,20:17:01:16:f0:32,01:0c:cd:01:00:01,0x8002,147,SimulationTestbed/PIOC$TRSF2$CBStval,2000,SimulationTestbed/PIOC$CBStval,PIOC_TRSF2_CBStval,1648187681,1,24,FALSE,4,"[1, 0, 0, 1]"
1648187706.53978,8240938.53269890,20:17:01:16:f0:11,01:0c:cd:01:00:01,0x8003,152,SimulationTestbed/PIOC$FDR$CBStval,2000,SimulationTestbed/PIOC$CBStval,PIOC_FDR_CBStval,1648187684,1,21,FALSE,7,"[0, 1, 0, 0, 0, 0, 0]"
1648187707.24022,8240938.53620110,20:17:01:16:f0:23,01:0c:cd:01:00:01,0x8001,147,SimulationTestbed/PIOC$TRSF1$CBStval,2000,SimulationTestbed/PIOC$CBStval,PIOC_TRSF1_CBStval,1648187681,1,25,FALSE,4,"[0, 1, 0, 1]"
1648187707.41572,8240938.53707860,20:17:01:16:f0:32,01:0c:cd:01:00:01,0x8002,147,SimulationTestbed/PIOC$TRSF2$CBStval,2000,SimulationTestbed/PIOC$CBStval,PIOC_TRSF2_CBStval,1648187681,1,25,FALSE,4,"[1, 0, 0, 1]"
1648187707.54011,8240938.53770055,20:17:01:16:f0:11,01:0c:cd:01:00:01,0x8003,152,SimulationTestbed/PIOC$FDR$CBStval,2000,SimulationTestbed/PIOC$CBStval,PIOC_FDR_CBStval,1648187684,1,22,FALSE,7,"[0, 1, 0, 0, 0, 0, 0]"
1648187708.24052,8240938.54120260,20:17:01:16:f0:23,01:0c:cd:01:00:01,0x8001,147,SimulationTestbed/PIOC$TRSF1$CBStval,2000,SimulationTestbed/PIOC$CBStval,PIOC_TRSF1_CBStval,1648187681,1,26,FALSE,4,"[0, 1, 0, 1]"
1648187708.41576,8240938.54207880,20:17:01:16:f0:32,01:0c:cd:01:00:01,0x8002,147,SimulationTestbed/PIOC$TRSF2$CBStval,2000,SimulationTestbed/PIOC$CBStval,PIOC_TRSF2_CBStval,1648187681,1,26,FALSE,4,"[1, 0, 0, 1]"
1648187708.54069,8240938.54270345,20:17:01:16:f0:11,01:0c:cd:01:00:01,0x8003,152,SimulationTestbed/PIOC$FDR$CBStval,2000,SimulationTestbed/PIOC$CBStval,PIOC_FDR_CBStval,1648187684,1,23,FALSE,7,"[0, 1, 0, 0, 0, 0, 0]"
1648187709.24082,8240938.54620410,20:17:01:16:f0:23,01:0c:cd:01:00:01,0x8001,147,SimulationTestbed/PIOC$TRSF1$CBStval,2000,SimulationTestbed/PIOC$CBStval,PIOC_TRSF1_CBStval,1648187681,1,27,FALSE,4,"[0, 1, 0, 1]"
1648187709.41624,8240938.54708120,20:17:01:16:f0:32,01:0c:cd:01:00:01,0x8002,147,SimulationTestbed/PIOC$TRSF2$CBStval,2000,SimulationTestbed/PIOC$CBStval,PIOC_TRSF2_CBStval,1648187681,1,27,FALSE,4,"[1, 0, 0, 1]"
1648187709.54101,8240938.54770505,20:17:01:16:f0:11,01:0c:cd:01:00:01,0x8003,152,SimulationTestbed/PIOC$FDR$CBStval,2000,SimulationTestbed/PIOC$CBStval,PIOC_FDR_CBStval,1648187684,1,24,FALSE,7,"[0, 1, 0, 0, 0, 0, 0]"
1648187710.24111,8240938.55120555,20:17:01:16:f0:23,01:0c:cd:01:00:01,0x8001,147,SimulationTestbed/PIOC$TRSF1$CBStval,2000,SimulationTestbed/PIOC$CBStval,PIOC_TRSF1_CBStval,1648187681,1,28,FALSE,4,"[0, 1, 0, 1]"
1648187710.41653,8240938.55208265,20:17:01:16:f0:32,01:0c:cd:01:00:01,0x8002,147,SimulationTestbed/PIOC$TRSF2$CBStval,2000,SimulationTestbed/PIOC$CBStval,PIOC_TRSF2_CBStval,1648187681,1,28,FALSE,4,"[1, 0, 0, 1]"
1648187710.54131,8240938.55270655,20:17:01:16:f0:11,01:0c:cd:01:00:01,0x8003,152,SimulationTestbed/PIOC$FDR$CBStval,2000,SimulationTestbed/PIOC$CBStval,PIOC_FDR_CBStval,1648187684,1,25,FALSE,7,"[0, 1, 0, 0, 0, 0, 0]"
1648187711.24133,8240938.55620665,20:17:01:16:f0:23,01:0c:cd:01:00:01,0x8001,147,SimulationTestbed/PIOC$TRSF1$CBStval,2000,SimulationTestbed/PIOC$CBStval,PIOC_TRSF1_CBStval,1648187681,1,29,FALSE,4,"[0, 1, 0, 1]"
1648187711.41684,8240938.55708420,20:17:01:16:f0:32,01:0c:cd:01:00:01,0x8002,147,SimulationTestbed/PIOC$TRSF2$CBStval,2000,SimulationTestbed/PIOC$CBStval,PIOC_TRSF2_CBStval,1648187681,1,29,FALSE,4,"[1, 0, 0, 1]"
1648187711.54237,8240938.55771185,20:17:01:16:f0:11,01:0c:cd:01:00:01,0x8003,152,SimulationTestbed/PIOC$FDR$CBStval,2000,SimulationTestbed/PIOC$CBStval,PIOC_FDR_CBStval,1648187684,1,26,FALSE,7,"[0, 1, 0, 0, 0, 0, 0]"
1648187712.24177,8240938.56120885,20:17:01:16:f0:23,01:0c:cd:01:00:01,0x8001,147,SimulationTestbed/PIOC$TRSF1$CBStval,2000,SimulationTestbed/PIOC$CBStval,PIOC_TRSF1_CBStval,1648187681,1,30,FALSE,4,"[0, 1, 0, 1]"
1648187712.41778,8240938.56208890,20:17:01:16:f0:32,01:0c:cd:01:00:01,0x8002,147,SimulationTestbed/PIOC$TRSF2$CBStval,2000,SimulationTestbed/PIOC$CBStval,PIOC_TRSF2_CBStval,1648187681,1,30,FALSE,4,"[1, 0, 0, 1]"
1648187712.54260,8240938.56271300,20:17:01:16:f0:11,01:0c:cd:01:00:01,0x8003,152,SimulationTestbed/PIOC$FDR$CBStval,2000,SimulationTestbed/PIOC$CBStval,PIOC_FDR_CBStval,1648187684,1,27,FALSE,7,"[0, 1, 0, 0, 0, 0, 0]"
1648187713.24244,8240938.56621220,20:17:01:16:f0:23,01:0c:cd:01:00:01,0x8001,147,SimulationTestbed/PIOC$TRSF1$CBStval,2000,SimulationTestbed/PIOC$CBStval,PIOC_TRSF1_CBStval,1648187681,1,31,FALSE,4,"[0, 1, 0, 1]"
1648187713.41765,8240938.56708825,20:17:01:16:f0:32,01:0c:cd:01:00:01,0x8002,147,SimulationTestbed/PIOC$TRSF2$CBStval,2000,SimulationTestbed/PIOC$CBStval,PIOC_TRSF2_CBStval,1648187681,1,31,FALSE,4,"[1, 0, 0, 1]"
1648187713.54280,8240938.56771400,20:17:01:16:f0:11,01:0c:cd:01:00:01,0x8003,152,SimulationTestbed/PIOC$FDR$CBStval,2000,SimulationTestbed/PIOC$CBStval,PIOC_FDR_CBStval,1648187684,1,28,FALSE,7,"[0, 1, 0, 0, 0, 0, 0]"
1648187714.24273,8240938.57121365,20:17:01:16:f0:23,01:0c:cd:01:00:01,0x8001,147,SimulationTestbed/PIOC$TRSF1$CBStval,2000,SimulationTestbed/PIOC$CBStval,PIOC_TRSF1_CBStval,1648187681,1,32,FALSE,4,"[0, 1, 0, 1]"
1648187714.41819,8240938.57209095,20:17:01:16:f0:32,01:0c:cd:01:00:01,0x8002,147,SimulationTestbed/PIOC$TRSF2$CBStval,2000,SimulationTestbed/PIOC$CBStval,PIOC_TRSF2_CBStval,1648187681,1,32,FALSE,4,"[1, 0, 0, 1]"
1648187714.54329,8240938.57271645,20:17:01:16:f0:11,01:0c:cd:01:00:01,0x8003,152,SimulationTestbed/PIOC$FDR$CBStval,2000,SimulationTestbed/PIOC$CBStval,PIOC_FDR_CBStval,1648187684,1,29,FALSE,7,"[0, 1, 0, 0, 0, 0, 0]"
1648187715.24361,8240938.57621805,20:17:01:16:f0:23,01:0c:cd:01:00:01,0x8001,147,SimulationTestbed/PIOC$TRSF1$CBStval,2000,SimulationTestbed/PIOC$CBStval,PIOC_TRSF1_CBStval,1648187681,1,33,FALSE,4,"[0, 1, 0, 1]"
1648187715.41836,8240938.57709180,20:17:01:16:f0:32,01:0c:cd:01:00:01,0x8002,147,SimulationTestbed/PIOC$TRSF2$CBStval,2000,SimulationTestbed/PIOC$CBStval,PIOC_TRSF2_CBStval,1648187681,1,33,FALSE,4,"[1, 0, 0, 1]"
1648187715.54380,8240938.57771900,20:17:01:16:f0:11,01:0c:cd:01:00:01,0x8003,152,SimulationTestbed/PIOC$FDR$CBStval,2000,SimulationTestbed/PIOC$CBStval,PIOC_FDR_CBStval,1648187684,1,30,FALSE,7,"[0, 1, 0, 0, 0, 0, 0]"
1648187716.24414,8240938.58122070,20:17:01:16:f0:23,01:0c:cd:01:00:01,0x8001,147,SimulationTestbed/PIOC$TRSF1$CBStval,2000,SimulationTestbed/PIOC$CBStval,PIOC_TRSF1_CBStval,1648187681,1,34,FALSE,4,"[0, 1, 0, 1]"
1648187716.41883,8240938.58209415,20:17:01:16:f0:32,01:0c:cd:01:00:01,0x8002,147,SimulationTestbed/PIOC$TRSF2$CBStval,2000,SimulationTestbed/PIOC$CBStval,PIOC_TRSF2_CBStval,1648187681,1,34,FALSE,4,"[1, 0, 0, 1]"
1648187716.54401,8240938.58272005,20:17:01:16:f0:11,01:0c:cd:01:00:01,0x8003,152,SimulationTestbed/PIOC$FDR$CBStval,2000,SimulationTestbed/PIOC$CBStval,PIOC_FDR_CBStval,1648187684,1,31,FALSE,7,"[0, 1, 0, 0, 0, 0, 0]"
1648187717.24442,8240938.58622210,20:17:01:16:f0:23,01:0c:cd:01:00:01,0x8001,147,SimulationTestbed/PIOC$TRSF1$CBStval,2000,SimulationTestbed/PIOC$CBStval,PIOC_TRSF1_CBStval,1648187681,1,35,FALSE,4,"[0, 1, 0, 1]"
1648187717.41885,8240938.58709425,20:17:01:16:f0:32,01:0c:cd:01:00:01,0x8002,147,SimulationTestbed/PIOC$TRSF2$CBStval,2000,SimulationTestbed/PIOC$CBStval,PIOC_TRSF2_CBStval,1648187681,1,35,FALSE,4,"[1, 0, 0, 1]"
1648187717.54479,8240938.58772395,20:17:01:16:f0:11,01:0c:cd:01:00:01,0x8003,152,SimulationTestbed/PIOC$FDR$CBStval,2000,SimulationTestbed/PIOC$CBStval,PIOC_FDR_CBStval,1648187684,1,32,FALSE,7,"[0, 1, 0, 0, 0, 0, 0]"
1648187718.24573,8240938.59122865,20:17:01:16:f0:23,01:0c:cd:01:00:01,0x8001,147,SimulationTestbed/PIOC$TRSF1$CBStval,2000,SimulationTestbed/PIOC$CBStval,PIOC_TRSF1_CBStval,1648187681,1,36,FALSE,4,"[0, 1, 0, 1]"
1648187718.41928,8240938.59209640,20:17:01:16:f0:32,01:0c:cd:01:00:01,0x8002,147,SimulationTestbed/PIOC$TRSF2$CBStval,2000,SimulationTestbed/PIOC$CBStval,PIOC_TRSF2_CBStval,1648187681,1,36,FALSE,4,"[1, 0, 0, 1]"
1648187718.54445,8240938.59272225,20:17:01:16:f0:11,01:0c:cd:01:00:01,0x8003,152,SimulationTestbed/PIOC$FDR$CBStval,2000,SimulationTestbed/PIOC$CBStval,PIOC_FDR_CBStval,1648187684,1,33,FALSE,7,"[0, 1, 0, 0, 0, 0, 0]"
1648187719.24606,8240938.59623030,20:17:01:16:f0:23,01:0c:cd:01:00:01,0x8001,147,SimulationTestbed/PIOC$TRSF1$CBStval,2000,SimulationTestbed/PIOC$CBStval,PIOC_TRSF1_CBStval,1648187681,1,37,FALSE,4,"[0, 1, 0, 1]"
1648187719.41935,8240938.59709675,20:17:01:16:f0:32,01:0c:cd:01:00:01,0x8002,147,SimulationTestbed/PIOC$TRSF2$CBStval,2000,SimulationTestbed/PIOC$CBStval,PIOC_TRSF2_CBStval,1648187681,1,37,FALSE,4,"[1, 0, 0, 1]"
1648187719.54479,8240938.59772395,20:17:01:16:f0:11,01:0c:cd:01:00:01,0x8003,152,SimulationTestbed/PIOC$FDR$CBStval,2000,SimulationTestbed/PIOC$CBStval,PIOC_FDR_CBStval,1648187684,1,34,FALSE,7,"[0, 1, 0, 0, 0, 0, 0]"
1648187720.24837,8240938.60124185,20:17:01:16:f0:23,01:0c:cd:01:00:01,0x8001,147,SimulationTestbed/PIOC$TRSF1$CBStval,2000,SimulationTestbed/PIOC$CBStval,PIOC_TRSF1_CBStval,1648187681,1,38,FALSE,4,"[0, 1, 0, 1]"
1648187720.41970,8240938.60209850,20:17:01:16:f0:32,01:0c:cd:01:00:01,0x8002,147,SimulationTestbed/PIOC$TRSF2$CBStval,2000,SimulationTestbed/PIOC$CBStval,PIOC_TRSF2_CBStval,1648187681,1,38,FALSE,4,"[1, 0, 0, 1]"
1648187720.54550,8240938.60272750,20:17:01:16:f0:11,01:0c:cd:01:00:01,0x8003,152,SimulationTestbed/PIOC$FDR$CBStval,2000,SimulationTestbed/PIOC$CBStval,PIOC_FDR_CBStval,1648187684,1,35,FALSE,7,"[0, 1, 0, 0, 0, 0, 0]"
1648187721.24916,8240938.60624580,20:17:01:16:f0:23,01:0c:cd:01:00:01,0x8001,147,SimulationTestbed/PIOC$TRSF1$CBStval,2000,SimulationTestbed/PIOC$CBStval,PIOC_TRSF1_CBStval,1648187681,1,39,FALSE,4,"[0, 1, 0, 1]"
1648187721.42061,8240938.60710305,20:17:01:16:f0:32,01:0c:cd:01:00:01,0x8002,147,SimulationTestbed/PIOC$TRSF2$CBStval,2000,SimulationTestbed/PIOC$CBStval,PIOC_TRSF2_CBStval,1648187681,1,39,FALSE,4,"[1, 0, 0, 1]"
1648187721.54706,8240938.60773530,20:17:01:16:f0:11,01:0c:cd:01:00:01,0x8003,152,SimulationTestbed/PIOC$FDR$CBStval,2000,SimulationTestbed/PIOC$CBStval,PIOC_FDR_CBStval,1648187684,1,36,FALSE,7,"[0, 1, 0, 0, 0, 0, 0]"
1648187722.24974,8240938.61124870,20:17:01:16:f0:23,01:0c:cd:01:00:01,0x8001,147,SimulationTestbed/PIOC$TRSF1$CBStval,2000,SimulationTestbed/PIOC$CBStval,PIOC_TRSF1_CBStval,1648187681,1,40,FALSE,4,"[0, 1, 0, 1]"
1648187722.42063,8240938.61210315,20:17:01:16:f0:32,01:0c:cd:01:00:01,0x8002,147,SimulationTestbed/PIOC$TRSF2$CBStval,2000,SimulationTestbed/PIOC$CBStval,PIOC_TRSF2_CBStval,1648187681,1,40,FALSE,4,"[1, 0, 0, 1]"
1648187722.54852,8240938.61274260,20:17:01:16:f0:11,01:0c:cd:01:00:01,0x8003,152,SimulationTestbed/PIOC$FDR$CBStval,2000,SimulationTestbed/PIOC$CBStval,PIOC_FDR_CBStval,1648187684,1,37,FALSE,7,"[0, 1, 0, 0, 0, 0, 0]"
1648187723.24996,8240938.61624980,20:17:01:16:f0:23,01:0c:cd:01:00:01,0x8001,147,SimulationTestbed/PIOC$TRSF1$CBStval,2000,SimulationTestbed/PIOC$CBStval,PIOC_TRSF1_CBStval,1648187681,1,41,FALSE,4,"[0, 1, 0, 1]"
1648187723.42076,8240938.61710380,20:17:01:16:f0:32,01:0c:cd:01:00:01,0x8002,147,SimulationTestbed/PIOC$TRSF2$CBStval,2000,SimulationTestbed/PIOC$CBStval,PIOC_TRSF2_CBStval,1648187681,1,41,FALSE,4,"[1, 0, 0, 1]"
1648187723.54819,8240938.61774095,20:17:01:16:f0:11,01:0c:cd:01:00:01,0x8003,152,SimulationTestbed/PIOC$FDR$CBStval,2000,SimulationTestbed/PIOC$CBStval,PIOC_FDR_CBStval,1648187684,1,38,FALSE,7,"[0, 1, 0, 0, 0, 0, 0]"
1648187724.25027,8240938.62125135,20:17:01:16:f0:23,01:0c:cd:01:00:01,0x8001,147,SimulationTestbed/PIOC$TRSF1$CBStval,2000,SimulationTestbed/PIOC$CBStval,PIOC_TRSF1_CBStval,1648187681,1,42,FALSE,4,"[0, 1, 0, 1]"
1648187724.42284,8240938.62211420,20:17:01:16:f0:32,01:0c:cd:01:00:01,0x8002,147,SimulationTestbed/PIOC$TRSF2$CBStval,2000,SimulationTestbed/PIOC$CBStval,PIOC_TRSF2_CBStval,1648187681,1,42,FALSE,4,"[1, 0, 0, 1]"
1648187724.54877,8240938.62274385,20:17:01:16:f0:11,01:0c:cd:01:00:01,0x8003,152,SimulationTestbed/PIOC$FDR$CBStval,2000,SimulationTestbed/PIOC$CBStval,PIOC_FDR_CBStval,1648187684,1,39,FALSE,7,"[0, 1, 0, 0, 0, 0, 0]"
1648187725.25087,8240938.62625435,20:17:01:16:f0:23,01:0c:cd:01:00:01,0x8001,147,SimulationTestbed/PIOC$TRSF1$CBStval,2000,SimulationTestbed/PIOC$CBStval,PIOC_TRSF1_CBStval,1648187681,1,43,FALSE,4,"[0, 1, 0, 1]"
1648187725.42319,8240938.62711595,20:17:01:16:f0:32,01:0c:cd:01:00:01,0x8002,147,SimulationTestbed/PIOC$TRSF2$CBStval,2000,SimulationTestbed/PIOC$CBStval,PIOC_TRSF2_CBStval,1648187681,1,43,FALSE,4,"[1, 0, 0, 1]"
1648187725.54926,8240938.62774630,20:17:01:16:f0:11,01:0c:cd:01:00:01,0x8003,152,SimulationTestbed/PIOC$FDR$CBStval,2000,SimulationTestbed/PIOC$CBStval,PIOC_FDR_CBStval,1648187684,1,40,FALSE,7,"[0, 1, 0, 0, 0, 0, 0]"
1648187726.25109,8240938.63125545,20:17:01:16:f0:23,01:0c:cd:01:00:01,0x8001,147,SimulationTestbed/PIOC$TRSF1$CBStval,2000,SimulationTestbed/PIOC$CBStval,PIOC_TRSF1_CBStval,1648187681,1,44,FALSE,4,"[0, 1, 0, 1]"
1648187726.42402,8240938.63212010,20:17:01:16:f0:32,01:0c:cd:01:00:01,0x8002,147,SimulationTestbed/PIOC$TRSF2$CBStval,2000,SimulationTestbed/PIOC$CBStval,PIOC_TRSF2_CBStval,1648187681,1,44,FALSE,4,"[1, 0, 0, 1]"
1648187726.54923,8240938.63274615,20:17:01:16:f0:11,01:0c:cd:01:00:01,0x8003,152,SimulationTestbed/PIOC$FDR$CBStval,2000,SimulationTestbed/PIOC$CBStval,PIOC_FDR_CBStval,1648187684,1,41,FALSE,7,"[0, 1, 0, 0, 0, 0, 0]"
1648187727.25134,8240938.63625670,20:17:01:16:f0:23,01:0c:cd:01:00:01,0x8001,147,SimulationTestbed/PIOC$TRSF1$CBStval,2000,SimulationTestbed/PIOC$CBStval,PIOC_TRSF1_CBStval,1648187681,1,45,FALSE,4,"[0, 1, 0, 1]"
1648187727.42451,8240938.63712255,20:17:01:16:f0:32,01:0c:cd:01:00:01,0x8002,147,SimulationTestbed/PIOC$TRSF2$CBStval,2000,SimulationTestbed/PIOC$CBStval,PIOC_TRSF2_CBStval,1648187681,1,45,FALSE,4,"[1, 0, 0, 1]"
1648187727.54948,8240938.63774740,20:17:01:16:f0:11,01:0c:cd:01:00:01,0x8003,152,SimulationTestbed/PIOC$FDR$CBStval,2000,SimulationTestbed/PIOC$CBStval,PIOC_FDR_CBStval,1648187684,1,42,FALSE,7,"[0, 1, 0, 0, 0, 0, 0]"
1648187728.25148,8240938.64125740,20:17:01:16:f0:23,01:0c:cd:01:00:01,0x8001,147,SimulationTestbed/PIOC$TRSF1$CBStval,2000,SimulationTestbed/PIOC$CBStval,PIOC_TRSF1_CBStval,1648187681,1,46,FALSE,4,"[0, 1, 0, 1]"
1648187728.42515,8240938.64212575,20:17:01:16:f0:32,01:0c:cd:01:00:01,0x8002,147,SimulationTestbed/PIOC$TRSF2$CBStval,2000,SimulationTestbed/PIOC$CBStval,PIOC_TRSF2_CBStval,1648187681,1,46,FALSE,4,"[1, 0, 0, 1]"
1648187728.55055,8240938.64275275,20:17:01:16:f0:11,01:0c:cd:01:00:01,0x8003,152,SimulationTestbed/PIOC$FDR$CBStval,2000,SimulationTestbed/PIOC$CBStval,PIOC_FDR_CBStval,1648187684,1,43,FALSE,7,"[0, 1, 0, 0, 0, 0, 0]"
1648187729.25174,8240938.64625870,20:17:01:16:f0:23,01:0c:cd:01:00:01,0x8001,147,SimulationTestbed/PIOC$TRSF1$CBStval,2000,SimulationTestbed/PIOC$CBStval,PIOC_TRSF1_CBStval,1648187681,1,47,FALSE,4,"[0, 1, 0, 1]"
1648187729.42491,8240938.64712455,20:17:01:16:f0:32,01:0c:cd:01:00:01,0x8002,147,SimulationTestbed/PIOC$TRSF2$CBStval,2000,SimulationTestbed/PIOC$CBStval,PIOC_TRSF2_CBStval,1648187681,1,47,FALSE,4,"[1, 0, 0, 1]"
1648187729.55270,8240938.64776350,20:17:01:16:f0:11,01:0c:cd:01:00:01,0x8003,152,SimulationTestbed/PIOC$FDR$CBStval,2000,SimulationTestbed/PIOC$CBStval,PIOC_FDR_CBStval,1648187684,1,44,FALSE,7,"[0, 1, 0, 0, 0, 0, 0]"
1648187730.25193,8240938.65125965,20:17:01:16:f0:23,01:0c:cd:01:00:01,0x8001,147,SimulationTestbed/PIOC$TRSF1$CBStval,2000,SimulationTestbed/PIOC$CBStval,PIOC_TRSF1_CBStval,1648187681,1,48,FALSE,4,"[0, 1, 0, 1]"
1648187730.42518,8240938.65212590,20:17:01:16:f0:32,01:0c:cd:01:00:01,0x8002,147,SimulationTestbed/PIOC$TRSF2$CBStval,2000,SimulationTestbed/PIOC$CBStval,PIOC_TRSF2_CBStval,1648187681,1,48,FALSE,4,"[1, 0, 0, 1]"
1648187730.55169,8240938.65275845,20:17:01:16:f0:11,01:0c:cd:01:00:01,0x8003,152,SimulationTestbed/PIOC$FDR$CBStval,2000,SimulationTestbed/PIOC$CBStval,PIOC_FDR_CBStval,1648187684,1,45,FALSE,7,"[0, 1, 0, 0, 0, 0, 0]"
1648187731.25321,8240938.65626605,20:17:01:16:f0:23,01:0c:cd:01:00:01,0x8001,147,SimulationTestbed/PIOC$TRSF1$CBStval,2000,SimulationTestbed/PIOC$CBStval,PIOC_TRSF1_CBStval,1648187681,1,49,FALSE,4,"[0, 1, 0, 1]"
1648187731.42570,8240938.65712850,20:17:01:16:f0:32,01:0c:cd:01:00:01,0x8002,147,SimulationTestbed/PIOC$TRSF2$CBStval,2000,SimulationTestbed/PIOC$CBStval,PIOC_TRSF2_CBStval,1648187681,1,49,FALSE,4,"[1, 0, 0, 1]"
1648187731.55186,8240938.65775930,20:17:01:16:f0:11,01:0c:cd:01:00:01,0x8003,152,SimulationTestbed/PIOC$FDR$CBStval,2000,SimulationTestbed/PIOC$CBStval,PIOC_FDR_CBStval,1648187684,1,46,FALSE,7,"[0, 1, 0, 0, 0, 0, 0]"
1648187732.25390,8240938.66126950,20:17:01:16:f0:23,01:0c:cd:01:00:01,0x8001,147,SimulationTestbed/PIOC$TRSF1$CBStval,2000,SimulationTestbed/PIOC$CBStval,PIOC_TRSF1_CBStval,1648187681,1,50,FALSE,4,"[0, 1, 0, 1]"
1648187732.42641,8240938.66213205,20:17:01:16:f0:32,01:0c:cd:01:00:01,0x8002,147,SimulationTestbed/PIOC$TRSF2$CBStval,2000,SimulationTestbed/PIOC$CBStval,PIOC_TRSF2_CBStval,1648187681,1,50,FALSE,4,"[1, 0, 0, 1]"
1648187732.55240,8240938.66276200,20:17:01:16:f0:11,01:0c:cd:01:00:01,0x8003,152,SimulationTestbed/PIOC$FDR$CBStval,2000,SimulationTestbed/PIOC$CBStval,PIOC_FDR_CBStval,1648187684,1,47,FALSE,7,"[0, 1, 0, 0, 0, 0, 0]"
1648187733.25482,8240938.66627410,20:17:01:16:f0:23,01:0c:cd:01:00:01,0x8001,147,SimulationTestbed/PIOC$TRSF1$CBStval,2000,SimulationTestbed/PIOC$CBStval,PIOC_TRSF1_CBStval,1648187681,1,51,FALSE,4,"[0, 1, 0, 1]"
1648187733.42674,8240938.66713370,20:17:01:16:f0:32,01:0c:cd:01:00:01,0x8002,147,SimulationTestbed/PIOC$TRSF2$CBStval,2000,SimulationTestbed/PIOC$CBStval,PIOC_TRSF2_CBStval,1648187681,1,51,FALSE,4,"[1, 0, 0, 1]"
1648187733.55307,8240938.66776535,20:17:01:16:f0:11,01:0c:cd:01:00:01,0x8003,152,SimulationTestbed/PIOC$FDR$CBStval,2000,SimulationTestbed/PIOC$CBStval,PIOC_FDR_CBStval,1648187684,1,48,FALSE,7,"[0, 1, 0, 0, 0, 0, 0]"
1648187734.25505,8240938.67127525,20:17:01:16:f0:23,01:0c:cd:01:00:01,0x8001,147,SimulationTestbed/PIOC$TRSF1$CBStval,2000,SimulationTestbed/PIOC$CBStval,PIOC_TRSF1_CBStval,1648187681,1,52,FALSE,4,"[0, 1, 0, 1]"
1648187734.42712,8240938.67213560,20:17:01:16:f0:32,01:0c:cd:01:00:01,0x8002,147,SimulationTestbed/PIOC$TRSF2$CBStval,2000,SimulationTestbed/PIOC$CBStval,PIOC_TRSF2_CBStval,1648187681,1,52,FALSE,4,"[1, 0, 0, 1]"
1648187734.55320,8240938.67276600,20:17:01:16:f0:11,01:0c:cd:01:00:01,0x8003,152,SimulationTestbed/PIOC$FDR$CBStval,2000,SimulationTestbed/PIOC$CBStval,PIOC_FDR_CBStval,1648187684,1,49,FALSE,7,"[0, 1, 0, 0, 0, 0, 0]"
1648187735.25716,8240938.67628580,20:17:01:16:f0:23,01:0c:cd:01:00:01,0x8001,147,SimulationTestbed/PIOC$TRSF1$CBStval,2000,SimulationTestbed/PIOC$CBStval,PIOC_TRSF1_CBStval,1648187681,1,53,FALSE,4,"[0, 1, 0, 1]"
1648187735.42747,8240938.67713735,20:17:01:16:f0:32,01:0c:cd:01:00:01,0x8002,147,SimulationTestbed/PIOC$TRSF2$CBStval,2000,SimulationTestbed/PIOC$CBStval,PIOC_TRSF2_CBStval,1648187681,1,53,FALSE,4,"[1, 0, 0, 1]"
1648187735.55548,8240938.67777740,20:17:01:16:f0:11,01:0c:cd:01:00:01,0x8003,152,SimulationTestbed/PIOC$FDR$CBStval,2000,SimulationTestbed/PIOC$CBStval,PIOC_FDR_CBStval,1648187684,1,50,FALSE,7,"[0, 1, 0, 0, 0, 0, 0]"
1648187736.25757,8240938.68128785,20:17:01:16:f0:23,01:0c:cd:01:00:01,0x8001,147,SimulationTestbed/PIOC$TRSF1$CBStval,2000,SimulationTestbed/PIOC$CBStval,PIOC_TRSF1_CBStval,1648187681,1,54,FALSE,4,"[0, 1, 0, 1]"
1648187736.42751,8240938.68213755,20:17:01:16:f0:32,01:0c:cd:01:00:01,0x8002,147,SimulationTestbed/PIOC$TRSF2$CBStval,2000,SimulationTestbed/PIOC$CBStval,PIOC_TRSF2_CBStval,1648187681,1,54,FALSE,4,"[1, 0, 0, 1]"
1648187736.55483,8240938.68277415,20:17:01:16:f0:11,01:0c:cd:01:00:01,0x8003,152,SimulationTestbed/PIOC$FDR$CBStval,2000,SimulationTestbed/PIOC$CBStval,PIOC_FDR_CBStval,1648187684,1,51,FALSE,7,"[0, 1, 0, 0, 0, 0, 0]"
1648187737.25778,8240938.68628890,20:17:01:16:f0:23,01:0c:cd:01:00:01,0x8001,147,SimulationTestbed/PIOC$TRSF1$CBStval,2000,SimulationTestbed/PIOC$CBStval,PIOC_TRSF1_CBStval,1648187681,1,55,FALSE,4,"[0, 1, 0, 1]"
1648187737.42777,8240938.68713885,20:17:01:16:f0:32,01:0c:cd:01:00:01,0x8002,147,SimulationTestbed/PIOC$TRSF2$CBStval,2000,SimulationTestbed/PIOC$CBStval,PIOC_TRSF2_CBStval,1648187681,1,55,FALSE,4,"[1, 0, 0, 1]"
1648187737.55564,8240938.68777820,20:17:01:16:f0:11,01:0c:cd:01:00:01,0x8003,152,SimulationTestbed/PIOC$FDR$CBStval,2000,SimulationTestbed/PIOC$CBStval,PIOC_FDR_CBStval,1648187684,1,52,FALSE,7,"[0, 1, 0, 0, 0, 0, 0]"
1648187738.25891,8240938.69129455,20:17:01:16:f0:23,01:0c:cd:01:00:01,0x8001,147,SimulationTestbed/PIOC$TRSF1$CBStval,2000,SimulationTestbed/PIOC$CBStval,PIOC_TRSF1_CBStval,1648187681,1,56,FALSE,4,"[0, 1, 0, 1]"
1648187738.42795,8240938.69213975,20:17:01:16:f0:32,01:0c:cd:01:00:01,0x8002,147,SimulationTestbed/PIOC$TRSF2$CBStval,2000,SimulationTestbed/PIOC$CBStval,PIOC_TRSF2_CBStval,1648187681,1,56,FALSE,4,"[1, 0, 0, 1]"
1648187738.55536,8240938.69277680,20:17:01:16:f0:11,01:0c:cd:01:00:01,0x8003,152,SimulationTestbed/PIOC$FDR$CBStval,2000,SimulationTestbed/PIOC$CBStval,PIOC_FDR_CBStval,1648187684,1,53,FALSE,7,"[0, 1, 0, 0, 0, 0, 0]"
1648187738.55993,8240938.69279965,20:17:01:16:f0:11,01:0c:cd:01:00:01,0x8003,152,SimulationTestbed/PIOC$FDR$CBStval,2000,SimulationTestbed/PIOC$CBStval,PIOC_FDR_CBStval,1648187738,2,0,FALSE,7,"[1, 1, 0, 0, 0, 0, 0]"
1648187738.56866,8240938.69284330,20:17:01:16:f0:11,01:0c:cd:01:00:01,0x8003,152,SimulationTestbed/PIOC$FDR$CBStval,2000,SimulationTestbed/PIOC$CBStval,PIOC_FDR_CBStval,1648187738,2,1,FALSE,7,"[1, 1, 0, 0, 0, 0, 0]"
1648187738.58491,8240938.69292455,20:17:01:16:f0:11,01:0c:cd:01:00:01,0x8003,152,SimulationTestbed/PIOC$FDR$CBStval,2000,SimulationTestbed/PIOC$CBStval,PIOC_FDR_CBStval,1648187738,2,2,FALSE,7,"[1, 1, 0, 0, 0, 0, 0]"
1648187738.61723,8240938.69308615,20:17:01:16:f0:11,01:0c:cd:01:00:01,0x8003,152,SimulationTestbed/PIOC$FDR$CBStval,2000,SimulationTestbed/PIOC$CBStval,PIOC_FDR_CBStval,1648187738,2,3,FALSE,7,"[1, 1, 0, 0, 0, 0, 0]"
1648187738.68184,8240938.69340920,20:17:01:16:f0:11,01:0c:cd:01:00:01,0x8003,152,SimulationTestbed/PIOC$FDR$CBStval,2000,SimulationTestbed/PIOC$CBStval,PIOC_FDR_CBStval,1648187738,2,4,FALSE,7,"[1, 1, 0, 0, 0, 0, 0]"
1648187738.81056,8240938.69405280,20:17:01:16:f0:11,01:0c:cd:01:00:01,0x8003,152,SimulationTestbed/PIOC$FDR$CBStval,2000,SimulationTestbed/PIOC$CBStval,PIOC_FDR_CBStval,1648187738,2,5,FALSE,7,"[1, 1, 0, 0, 0, 0, 0]"
1648187739.06712,8240938.69533560,20:17:01:16:f0:11,01:0c:cd:01:00:01,0x8003,152,SimulationTestbed/PIOC$FDR$CBStval,2000,SimulationTestbed/PIOC$CBStval,PIOC_FDR_CBStval,1648187738,2,6,FALSE,7,"[1, 1, 0, 0, 0, 0, 0]"
1648187739.25956,8240938.69629780,20:17:01:16:f0:23,01:0c:cd:01:00:01,0x8001,147,SimulationTestbed/PIOC$TRSF1$CBStval,2000,SimulationTestbed/PIOC$CBStval,PIOC_TRSF1_CBStval,1648187681,1,57,FALSE,4,"[0, 1, 0, 1]"
1648187739.43000,8240938.69715000,20:17:01:16:f0:32,01:0c:cd:01:00:01,0x8002,147,SimulationTestbed/PIOC$TRSF2$CBStval,2000,SimulationTestbed/PIOC$CBStval,PIOC_TRSF2_CBStval,1648187681,1,57,FALSE,4,"[1, 0, 0, 1]"
1648187739.57895,8240938.69789475,20:17:01:16:f0:11,01:0c:cd:01:00:01,0x8003,152,SimulationTestbed/PIOC$FDR$CBStval,2000,SimulationTestbed/PIOC$CBStval,PIOC_FDR_CBStval,1648187738,2,7,FALSE,7,"[1, 1, 0, 0, 0, 0, 0]"
1648187740.25999,8240938.70129995,20:17:01:16:f0:23,01:0c:cd:01:00:01,0x8001,147,SimulationTestbed/PIOC$TRSF1$CBStval,2000,SimulationTestbed/PIOC$CBStval,PIOC_TRSF1_CBStval,1648187681,1,58,FALSE,4,"[0, 1, 0, 1]"
1648187740.42933,8240938.70214665,20:17:01:16:f0:32,01:0c:cd:01:00:01,0x8002,147,SimulationTestbed/PIOC$TRSF2$CBStval,2000,SimulationTestbed/PIOC$CBStval,PIOC_TRSF2_CBStval,1648187681,1,58,FALSE,4,"[1, 0, 0, 1]"
1648187740.57987,8240938.70289935,20:17:01:16:f0:11,01:0c:cd:01:00:01,0x8003,152,SimulationTestbed/PIOC$FDR$CBStval,2000,SimulationTestbed/PIOC$CBStval,PIOC_FDR_CBStval,1648187738,2,8,FALSE,7,"[1, 1, 0, 0, 0, 0, 0]"
1648187741.26018,8240938.70630090,20:17:01:16:f0:23,01:0c:cd:01:00:01,0x8001,147,SimulationTestbed/PIOC$TRSF1$CBStval,2000,SimulationTestbed/PIOC$CBStval,PIOC_TRSF1_CBStval,1648187681,1,59,FALSE,4,"[0, 1, 0, 1]"
1648187741.42966,8240938.70714830,20:17:01:16:f0:32,01:0c:cd:01:00:01,0x8002,147,SimulationTestbed/PIOC$TRSF2$CBStval,2000,SimulationTestbed/PIOC$CBStval,PIOC_TRSF2_CBStval,1648187681,1,59,FALSE,4,"[1, 0, 0, 1]"
1648187741.58017,8240938.70790085,20:17:01:16:f0:11,01:0c:cd:01:00:01,0x8003,152,SimulationTestbed/PIOC$FDR$CBStval,2000,SimulationTestbed/PIOC$CBStval,PIOC_FDR_CBStval,1648187738,2,9,FALSE,7,"[1, 1, 0, 0, 0, 0, 0]"
1648187742.26036,8240938.71130180,20:17:01:16:f0:23,01:0c:cd:01:00:01,0x8001,147,SimulationTestbed/PIOC$TRSF1$CBStval,2000,SimulationTestbed/PIOC$CBStval,PIOC_TRSF1_CBStval,1648187681,1,60,FALSE,4,"[0, 1, 0, 1]"
1648187742.42975,8240938.71214875,20:17:01:16:f0:32,01:0c:cd:01:00:01,0x8002,147,SimulationTestbed/PIOC$TRSF2$CBStval,2000,SimulationTestbed/PIOC$CBStval,PIOC_TRSF2_CBStval,1648187681,1,60,FALSE,4,"[1, 0, 0, 1]"
1648187742.58128,8240938.71290640,20:17:01:16:f0:11,01:0c:cd:01:00:01,0x8003,152,SimulationTestbed/PIOC$FDR$CBStval,2000,SimulationTestbed/PIOC$CBStval,PIOC_FDR_CBStval,1648187738,2,10,FALSE,7,"[1, 1, 0, 0, 0, 0, 0]"
1648187743.26084,8240938.71630420,20:17:01:16:f0:23,01:0c:cd:01:00:01,0x8001,147,SimulationTestbed/PIOC$TRSF1$CBStval,2000,SimulationTestbed/PIOC$CBStval,PIOC_TRSF1_CBStval,1648187681,1,61,FALSE,4,"[0, 1, 0, 1]"
1648187743.43054,8240938.71715270,20:17:01:16:f0:32,01:0c:cd:01:00:01,0x8002,147,SimulationTestbed/PIOC$TRSF2$CBStval,2000,SimulationTestbed/PIOC$CBStval,PIOC_TRSF2_CBStval,1648187681,1,61,FALSE,4,"[1, 0, 0, 1]"
1648187743.58247,8240938.71791235,20:17:01:16:f0:11,01:0c:cd:01:00:01,0x8003,152,SimulationTestbed/PIOC$FDR$CBStval,2000,SimulationTestbed/PIOC$CBStval,PIOC_FDR_CBStval,1648187738,2,11,FALSE,7,"[1, 1, 0, 0, 0, 0, 0]"
1648187744.26188,8240938.72130940,20:17:01:16:f0:23,01:0c:cd:01:00:01,0x8001,147,SimulationTestbed/PIOC$TRSF1$CBStval,2000,SimulationTestbed/PIOC$CBStval,PIOC_TRSF1_CBStval,1648187681,1,62,FALSE,4,"[0, 1, 0, 1]"
1648187744.43176,8240938.72215880,20:17:01:16:f0:32,01:0c:cd:01:00:01,0x8002,147,SimulationTestbed/PIOC$TRSF2$CBStval,2000,SimulationTestbed/PIOC$CBStval,PIOC_TRSF2_CBStval,1648187681,1,62,FALSE,4,"[1, 0, 0, 1]"
1648187744.58612,8240938.72293060,20:17:01:16:f0:11,01:0c:cd:01:00:01,0x8003,152,SimulationTestbed/PIOC$FDR$CBStval,2000,SimulationTestbed/PIOC$CBStval,PIOC_FDR_CBStval,1648187738,2,12,FALSE,7,"[1, 1, 0, 0, 0, 0, 0]"
1648187745.26218,8240938.72631090,20:17:01:16:f0:23,01:0c:cd:01:00:01,0x8001,147,SimulationTestbed/PIOC$TRSF1$CBStval,2000,SimulationTestbed/PIOC$CBStval,PIOC_TRSF1_CBStval,1648187681,1,63,FALSE,4,"[0, 1, 0, 1]"
1648187745.43214,8240938.72716070,20:17:01:16:f0:32,01:0c:cd:01:00:01,0x8002,147,SimulationTestbed/PIOC$TRSF2$CBStval,2000,SimulationTestbed/PIOC$CBStval,PIOC_TRSF2_CBStval,1648187681,1,63,FALSE,4,"[1, 0, 0, 1]"
1648187745.58687,8240938.72793435,20:17:01:16:f0:11,01:0c:cd:01:00:01,0x8003,152,SimulationTestbed/PIOC$FDR$CBStval,2000,SimulationTestbed/PIOC$CBStval,PIOC_FDR_CBStval,1648187738,2,13,FALSE,7,"[1, 1, 0, 0, 0, 0, 0]"
1648187746.26244,8240938.73131220,20:17:01:16:f0:23,01:0c:cd:01:00:01,0x8001,147,SimulationTestbed/PIOC$TRSF1$CBStval,2000,SimulationTestbed/PIOC$CBStval,PIOC_TRSF1_CBStval,1648187681,1,64,FALSE,4,"[0, 1, 0, 1]"
1648187746.43218,8240938.73216090,20:17:01:16:f0:32,01:0c:cd:01:00:01,0x8002,147,SimulationTestbed/PIOC$TRSF2$CBStval,2000,SimulationTestbed/PIOC$CBStval,PIOC_TRSF2_CBStval,1648187681,1,64,FALSE,4,"[1, 0, 0, 1]"
1648187746.58742,8240938.73293710,20:17:01:16:f0:11,01:0c:cd:01:00:01,0x8003,152,SimulationTestbed/PIOC$FDR$CBStval,2000,SimulationTestbed/PIOC$CBStval,PIOC_FDR_CBStval,1648187738,2,14,FALSE,7,"[1, 1, 0, 0, 0, 0, 0]"
1648187747.26265,8240938.73631325,20:17:01:16:f0:23,01:0c:cd:01:00:01,0x8001,147,SimulationTestbed/PIOC$TRSF1$CBStval,2000,SimulationTestbed/PIOC$CBStval,PIOC_TRSF1_CBStval,1648187681,1,65,FALSE,4,"[0, 1, 0, 1]"
1648187747.43640,8240938.73718200,20:17:01:16:f0:32,01:0c:cd:01:00:01,0x8002,147,SimulationTestbed/PIOC$TRSF2$CBStval,2000,SimulationTestbed/PIOC$CBStval,PIOC_TRSF2_CBStval,1648187681,1,65,FALSE,4,"[1, 0, 0, 1]"
1648187747.58824,8240938.73794120,20:17:01:16:f0:11,01:0c:cd:01:00:01,0x8003,152,SimulationTestbed/PIOC$FDR$CBStval,2000,SimulationTestbed/PIOC$CBStval,PIOC_FDR_CBStval,1648187738,2,15,FALSE,7,"[1, 1, 0, 0, 0, 0, 0]"
1648187748.26300,8240938.74131500,20:17:01:16:f0:23,01:0c:cd:01:00:01,0x8001,147,SimulationTestbed/PIOC$TRSF1$CBStval,2000,SimulationTestbed/PIOC$CBStval,PIOC_TRSF1_CBStval,1648187681,1,66,FALSE,4,"[0, 1, 0, 1]"
1648187748.43649,8240938.74218245,20:17:01:16:f0:32,01:0c:cd:01:00:01,0x8002,147,SimulationTestbed/PIOC$TRSF2$CBStval,2000,SimulationTestbed/PIOC$CBStval,PIOC_TRSF2_CBStval,1648187681,1,66,FALSE,4,"[1, 0, 0, 1]"
1648187748.58842,8240938.74294210,20:17:01:16:f0:11,01:0c:cd:01:00:01,0x8003,152,SimulationTestbed/PIOC$FDR$CBStval,2000,SimulationTestbed/PIOC$CBStval,PIOC_FDR_CBStval,1648187738,2,16,FALSE,7,"[1, 1, 0, 0, 0, 0, 0]"
1648187749.26405,8240938.74632025,20:17:01:16:f0:23,01:0c:cd:01:00:01,0x8001,147,SimulationTestbed/PIOC$TRSF1$CBStval,2000,SimulationTestbed/PIOC$CBStval,PIOC_TRSF1_CBStval,1648187681,1,67,FALSE,4,"[0, 1, 0, 1]"
1648187749.43677,8240938.74718385,20:17:01:16:f0:32,01:0c:cd:01:00:01,0x8002,147,SimulationTestbed/PIOC$TRSF2$CBStval,2000,SimulationTestbed/PIOC$CBStval,PIOC_TRSF2_CBStval,1648187681,1,67,FALSE,4,"[1, 0, 0, 1]"
1648187749.58866,8240938.74794330,20:17:01:16:f0:11,01:0c:cd:01:00:01,0x8003,152,SimulationTestbed/PIOC$FDR$CBStval,2000,SimulationTestbed/PIOC$CBStval,PIOC_FDR_CBStval,1648187738,2,17,FALSE,7,"[1, 1, 0, 0, 0, 0, 0]"
1648187750.26437,8240938.75132185,20:17:01:16:f0:23,01:0c:cd:01:00:01,0x8001,147,SimulationTestbed/PIOC$TRSF1$CBStval,2000,SimulationTestbed/PIOC$CBStval,PIOC_TRSF1_CBStval,1648187681,1,68,FALSE,4,"[0, 1, 0, 1]"
1648187750.43694,8240938.75218470,20:17:01:16:f0:32,01:0c:cd:01:00:01,0x8002,147,SimulationTestbed/PIOC$TRSF2$CBStval,2000,SimulationTestbed/PIOC$CBStval,PIOC_TRSF2_CBStval,1648187681,1,68,FALSE,4,"[1, 0, 0, 1]"
1648187750.58885,8240938.75294425,20:17:01:16:f0:11,01:0c:cd:01:00:01,0x8003,152,SimulationTestbed/PIOC$FDR$CBStval,2000,SimulationTestbed/PIOC$CBStval,PIOC_FDR_CBStval,1648187738,2,18,FALSE,7,"[1, 1, 0, 0, 0, 0, 0]"
1648187751.26517,8240938.75632585,20:17:01:16:f0:23,01:0c:cd:01:00:01,0x8001,147,SimulationTestbed/PIOC$TRSF1$CBStval,2000,SimulationTestbed/PIOC$CBStval,PIOC_TRSF1_CBStval,1648187681,1,69,FALSE,4,"[0, 1, 0, 1]"
1648187751.43723,8240938.75718615,20:17:01:16:f0:32,01:0c:cd:01:00:01,0x8002,147,SimulationTestbed/PIOC$TRSF2$CBStval,2000,SimulationTestbed/PIOC$CBStval,PIOC_TRSF2_CBStval,1648187681,1,69,FALSE,4,"[1, 0, 0, 1]"
1648187751.58921,8240938.75794605,20:17:01:16:f0:11,01:0c:cd:01:00:01,0x8003,152,SimulationTestbed/PIOC$FDR$CBStval,2000,SimulationTestbed/PIOC$CBStval,PIOC_FDR_CBStval,1648187738,2,19,FALSE,7,"[1, 1, 0, 0, 0, 0, 0]"
1648187752.26548,8240938.76132740,20:17:01:16:f0:23,01:0c:cd:01:00:01,0x8001,147,SimulationTestbed/PIOC$TRSF1$CBStval,2000,SimulationTestbed/PIOC$CBStval,PIOC_TRSF1_CBStval,1648187681,1,70,FALSE,4,"[0, 1, 0, 1]"
1648187752.43854,8240938.76219270,20:17:01:16:f0:32,01:0c:cd:01:00:01,0x8002,147,SimulationTestbed/PIOC$TRSF2$CBStval,2000,SimulationTestbed/PIOC$CBStval,PIOC_TRSF2_CBStval,1648187681,1,70,FALSE,4,"[1, 0, 0, 1]"
1648187752.58973,8240938.76294865,20:17:01:16:f0:11,01:0c:cd:01:00:01,0x8003,152,SimulationTestbed/PIOC$FDR$CBStval,2000,SimulationTestbed/PIOC$CBStval,PIOC_FDR_CBStval,1648187738,2,20,FALSE,7,"[1, 1, 0, 0, 0, 0, 0]"
1648187753.26570,8240938.76632850,20:17:01:16:f0:23,01:0c:cd:01:00:01,0x8001,147,SimulationTestbed/PIOC$TRSF1$CBStval,2000,SimulationTestbed/PIOC$CBStval,PIOC_TRSF1_CBStval,1648187681,1,71,FALSE,4,"[0, 1, 0, 1]"
1648187753.43904,8240938.76719520,20:17:01:16:f0:32,01:0c:cd:01:00:01,0x8002,147,SimulationTestbed/PIOC$TRSF2$CBStval,2000,SimulationTestbed/PIOC$CBStval,PIOC_TRSF2_CBStval,1648187681,1,71,FALSE,4,"[1, 0, 0, 1]"
1648187753.59070,8240938.76795350,20:17:01:16:f0:11,01:0c:cd:01:00:01,0x8003,152,SimulationTestbed/PIOC$FDR$CBStval,2000,SimulationTestbed/PIOC$CBStval,PIOC_FDR_CBStval,1648187738,2,21,FALSE,7,"[1, 1, 0, 0, 0, 0, 0]"
1648187754.26602,8240938.77133010,20:17:01:16:f0:23,01:0c:cd:01:00:01,0x8001,147,SimulationTestbed/PIOC$TRSF1$CBStval,2000,SimulationTestbed/PIOC$CBStval,PIOC_TRSF1_CBStval,1648187681,1,72,FALSE,4,"[0, 1, 0, 1]"
1648187754.43996,8240938.77219980,20:17:01:16:f0:32,01:0c:cd:01:00:01,0x8002,147,SimulationTestbed/PIOC$TRSF2$CBStval,2000,SimulationTestbed/PIOC$CBStval,PIOC_TRSF2_CBStval,1648187681,1,72,FALSE,4,"[1, 0, 0, 1]"
1648187754.59177,8240938.77295885,20:17:01:16:f0:11,01:0c:cd:01:00:01,0x8003,152,SimulationTestbed/PIOC$FDR$CBStval,2000,SimulationTestbed/PIOC$CBStval,PIOC_FDR_CBStval,1648187753,3,0,FALSE,7,"[0, 1, 0, 0, 0, 0, 0]"
1648187755.26614,8240938.77633070,20:17:01:16:f0:23,01:0c:cd:01:00:01,0x8001,147,SimulationTestbed/PIOC$TRSF1$CBStval,2000,SimulationTestbed/PIOC$CBStval,PIOC_TRSF1_CBStval,1648187681,1,73,FALSE,4,"[0, 1, 0, 1]"
1648187755.43971,8240938.77719855,20:17:01:16:f0:32,01:0c:cd:01:00:01,0x8002,147,SimulationTestbed/PIOC$TRSF2$CBStval,2000,SimulationTestbed/PIOC$CBStval,PIOC_TRSF2_CBStval,1648187681,1,73,FALSE,4,"[1, 0, 0, 1]"
1648187755.59225,8240938.77796125,20:17:01:16:f0:11,01:0c:cd:01:00:01,0x8003,152,SimulationTestbed/PIOC$FDR$CBStval,2000,SimulationTestbed/PIOC$CBStval,PIOC_FDR_CBStval,1648187753,3,1,FALSE,7,"[0, 1, 0, 0, 0, 0, 0]"
1648187756.26631,8240938.78133155,20:17:01:16:f0:23,01:0c:cd:01:00:01,0x8001,147,SimulationTestbed/PIOC$TRSF1$CBStval,2000,SimulationTestbed/PIOC$CBStval,PIOC_TRSF1_CBStval,1648187681,1,74,FALSE,4,"[0, 1, 0, 1]"
1648187756.44007,8240938.78220035,20:17:01:16:f0:32,01:0c:cd:01:00:01,0x8002,147,SimulationTestbed/PIOC$TRSF2$CBStval,2000,SimulationTestbed/PIOC$CBStval,PIOC_TRSF2_CBStval,1648187681,1,74,FALSE,4,"[1, 0, 0, 1]"
1648187756.59283,8240938.78296415,20:17:01:16:f0:11,01:0c:cd:01:00:01,0x8003,152,SimulationTestbed/PIOC$FDR$CBStval,2000,SimulationTestbed/PIOC$CBStval,PIOC_FDR_CBStval,1648187753,3,2,FALSE,7,"[0, 1, 0, 0, 0, 0, 0]"
1648187757.26651,8240938.78633255,20:17:01:16:f0:23,01:0c:cd:01:00:01,0x8001,147,SimulationTestbed/PIOC$TRSF1$CBStval,2000,SimulationTestbed/PIOC$CBStval,PIOC_TRSF1_CBStval,1648187681,1,75,FALSE,4,"[0, 1, 0, 1]"
1648187757.44017,8240938.78720085,20:17:01:16:f0:32,01:0c:cd:01:00:01,0x8002,147,SimulationTestbed/PIOC$TRSF2$CBStval,2000,SimulationTestbed/PIOC$CBStval,PIOC_TRSF2_CBStval,1648187681,1,75,FALSE,4,"[1, 0, 0, 1]"
1648187757.59292,8240938.78796460,20:17:01:16:f0:11,01:0c:cd:01:00:01,0x8003,152,SimulationTestbed/PIOC$FDR$CBStval,2000,SimulationTestbed/PIOC$CBStval,PIOC_FDR_CBStval,1648187753,3,3,FALSE,7,"[0, 1, 0, 0, 0, 0, 0]"
1648187758.27133,8240938.79135665,20:17:01:16:f0:23,01:0c:cd:01:00:01,0x8001,147,SimulationTestbed/PIOC$TRSF1$CBStval,2000,SimulationTestbed/PIOC$CBStval,PIOC_TRSF1_CBStval,1648187681,1,76,FALSE,4,"[0, 1, 0, 1]"
1648187758.44099,8240938.79220495,20:17:01:16:f0:32,01:0c:cd:01:00:01,0x8002,147,SimulationTestbed/PIOC$TRSF2$CBStval,2000,SimulationTestbed/PIOC$CBStval,PIOC_TRSF2_CBStval,1648187681,1,76,FALSE,4,"[1, 0, 0, 1]"
1648187758.59372,8240938.79296860,20:17:01:16:f0:11,01:0c:cd:01:00:01,0x8003,152,SimulationTestbed/PIOC$FDR$CBStval,2000,SimulationTestbed/PIOC$CBStval,PIOC_FDR_CBStval,1648187753,3,4,FALSE,7,"[0, 1, 0, 0, 0, 0, 0]"
1648187759.27436,8240938.79637180,20:17:01:16:f0:23,01:0c:cd:01:00:01,0x8001,147,SimulationTestbed/PIOC$TRSF1$CBStval,2000,SimulationTestbed/PIOC$CBStval,PIOC_TRSF1_CBStval,1648187681,1,77,FALSE,4,"[0, 1, 0, 1]"
1648187759.44128,8240938.79720640,20:17:01:16:f0:32,01:0c:cd:01:00:01,0x8002,147,SimulationTestbed/PIOC$TRSF2$CBStval,2000,SimulationTestbed/PIOC$CBStval,PIOC_TRSF2_CBStval,1648187681,1,77,FALSE,4,"[1, 0, 0, 1]"
1648187759.59359,8240938.79796795,20:17:01:16:f0:11,01:0c:cd:01:00:01,0x8003,152,SimulationTestbed/PIOC$FDR$CBStval,2000,SimulationTestbed/PIOC$CBStval,PIOC_FDR_CBStval,1648187753,3,5,FALSE,7,"[0, 1, 0, 0, 0, 0, 0]"
1648187760.27459,8240938.80137295,20:17:01:16:f0:23,01:0c:cd:01:00:01,0x8001,147,SimulationTestbed/PIOC$TRSF1$CBStval,2000,SimulationTestbed/PIOC$CBStval,PIOC_TRSF1_CBStval,1648187681,1,78,FALSE,4,"[0, 1, 0, 1]"
1648187760.44155,8240938.80220775,20:17:01:16:f0:32,01:0c:cd:01:00:01,0x8002,147,SimulationTestbed/PIOC$TRSF2$CBStval,2000,SimulationTestbed/PIOC$CBStval,PIOC_TRSF2_CBStval,1648187681,1,78,FALSE,4,"[1, 0, 0, 1]"
1648187760.59358,8240938.80296790,20:17:01:16:f0:11,01:0c:cd:01:00:01,0x8003,152,SimulationTestbed/PIOC$FDR$CBStval,2000,SimulationTestbed/PIOC$CBStval,PIOC_FDR_CBStval,1648187753,3,6,FALSE,7,"[0, 1, 0, 0, 0, 0, 0]"
1648187761.27510,8240938.80637550,20:17:01:16:f0:23,01:0c:cd:01:00:01,0x8001,147,SimulationTestbed/PIOC$TRSF1$CBStval,2000,SimulationTestbed/PIOC$CBStval,PIOC_TRSF1_CBStval,1648187681,1,79,FALSE,4,"[0, 1, 0, 1]"
1648187761.44393,8240938.80721965,20:17:01:16:f0:32,01:0c:cd:01:00:01,0x8002,147,SimulationTestbed/PIOC$TRSF2$CBStval,2000,SimulationTestbed/PIOC$CBStval,PIOC_TRSF2_CBStval,1648187681,1,79,FALSE,4,"[1, 0, 0, 1]"
1648187761.59441,8240938.80797205,20:17:01:16:f0:11,01:0c:cd:01:00:01,0x8003,152,SimulationTestbed/PIOC$FDR$CBStval,2000,SimulationTestbed/PIOC$CBStval,PIOC_FDR_CBStval,1648187753,3,7,FALSE,7,"[0, 1, 0, 0, 0, 0, 0]"
1648187762.27546,8240938.81137730,20:17:01:16:f0:23,01:0c:cd:01:00:01,0x8001,147,SimulationTestbed/PIOC$TRSF1$CBStval,2000,SimulationTestbed/PIOC$CBStval,PIOC_TRSF1_CBStval,1648187681,1,80,FALSE,4,"[0, 1, 0, 1]"
1648187762.44417,8240938.81222085,20:17:01:16:f0:32,01:0c:cd:01:00:01,0x8002,147,SimulationTestbed/PIOC$TRSF2$CBStval,2000,SimulationTestbed/PIOC$CBStval,PIOC_TRSF2_CBStval,1648187681,1,80,FALSE,4,"[1, 0, 0, 1]"
1648187762.59433,8240938.81297165,20:17:01:16:f0:11,01:0c:cd:01:00:01,0x8003,152,SimulationTestbed/PIOC$FDR$CBStval,2000,SimulationTestbed/PIOC$CBStval,PIOC_FDR_CBStval,1648187753,3,8,FALSE,7,"[0, 1, 0, 0, 0, 0, 0]"
1648187763.27579,8240938.81637895,20:17:01:16:f0:23,01:0c:cd:01:00:01,0x8001,147,SimulationTestbed/PIOC$TRSF1$CBStval,2000,SimulationTestbed/PIOC$CBStval,PIOC_TRSF1_CBStval,1648187681,1,81,FALSE,4,"[0, 1, 0, 1]"
1648187763.44431,8240938.81722155,20:17:01:16:f0:32,01:0c:cd:01:00:01,0x8002,147,SimulationTestbed/PIOC$TRSF2$CBStval,2000,SimulationTestbed/PIOC$CBStval,PIOC_TRSF2_CBStval,1648187681,1,81,FALSE,4,"[1, 0, 0, 1]"
1648187763.59511,8240938.81797555,20:17:01:16:f0:11,01:0c:cd:01:00:01,0x8003,152,SimulationTestbed/PIOC$FDR$CBStval,2000,SimulationTestbed/PIOC$CBStval,PIOC_FDR_CBStval,1648187753,3,9,FALSE,7,"[0, 1, 0, 0, 0, 0, 0]"
1648187764.27796,8240938.82138980,20:17:01:16:f0:23,01:0c:cd:01:00:01,0x8001,147,SimulationTestbed/PIOC$TRSF1$CBStval,2000,SimulationTestbed/PIOC$CBStval,PIOC_TRSF1_CBStval,1648187681,1,82,FALSE,4,"[0, 1, 0, 1]"
1648187764.44490,8240938.82222450,20:17:01:16:f0:32,01:0c:cd:01:00:01,0x8002,147,SimulationTestbed/PIOC$TRSF2$CBStval,2000,SimulationTestbed/PIOC$CBStval,PIOC_TRSF2_CBStval,1648187681,1,82,FALSE,4,"[1, 0, 0, 1]"
1648187764.59519,8240938.82297595,20:17:01:16:f0:11,01:0c:cd:01:00:01,0x8003,152,SimulationTestbed/PIOC$FDR$CBStval,2000,SimulationTestbed/PIOC$CBStval,PIOC_FDR_CBStval,1648187753,3,10,FALSE,7,"[0, 1, 0, 0, 0, 0, 0]"
1648187765.27844,8240938.82639220,20:17:01:16:f0:23,01:0c:cd:01:00:01,0x8001,147,SimulationTestbed/PIOC$TRSF1$CBStval,2000,SimulationTestbed/PIOC$CBStval,PIOC_TRSF1_CBStval,1648187681,1,83,FALSE,4,"[0, 1, 0, 1]"
1648187765.44529,8240938.82722645,20:17:01:16:f0:32,01:0c:cd:01:00:01,0x8002,147,SimulationTestbed/PIOC$TRSF2$CBStval,2000,SimulationTestbed/PIOC$CBStval,PIOC_TRSF2_CBStval,1648187681,1,83,FALSE,4,"[1, 0, 0, 1]"
1648187765.59671,8240938.82798355,20:17:01:16:f0:11,01:0c:cd:01:00:01,0x8003,152,SimulationTestbed/PIOC$FDR$CBStval,2000,SimulationTestbed/PIOC$CBStval,PIOC_FDR_CBStval,1648187753,3,11,FALSE,7,"[0, 1, 0, 0, 0, 0, 0]"
1648187766.27875,8240938.83139375,20:17:01:16:f0:23,01:0c:cd:01:00:01,0x8001,147,SimulationTestbed/PIOC$TRSF1$CBStval,2000,SimulationTestbed/PIOC$CBStval,PIOC_TRSF1_CBStval,1648187681,1,84,FALSE,4,"[0, 1, 0, 1]"
1648187766.44696,8240938.83223480,20:17:01:16:f0:32,01:0c:cd:01:00:01,0x8002,147,SimulationTestbed/PIOC$TRSF2$CBStval,2000,SimulationTestbed/PIOC$CBStval,PIOC_TRSF2_CBStval,1648187681,1,84,FALSE,4,"[1, 0, 0, 1]"
1648187766.59673,8240938.83298365,20:17:01:16:f0:11,01:0c:cd:01:00:01,0x8003,152,SimulationTestbed/PIOC$FDR$CBStval,2000,SimulationTestbed/PIOC$CBStval,PIOC_FDR_CBStval,1648187753,3,12,FALSE,7,"[0, 1, 0, 0, 0, 0, 0]"
1648187767.28173,8240938.83640865,20:17:01:16:f0:23,01:0c:cd:01:00:01,0x8001,147,SimulationTestbed/PIOC$TRSF1$CBStval,2000,SimulationTestbed/PIOC$CBStval,PIOC_TRSF1_CBStval,1648187681,1,85,FALSE,4,"[0, 1, 0, 1]"
1648187767.44683,8240938.83723415,20:17:01:16:f0:32,01:0c:cd:01:00:01,0x8002,147,SimulationTestbed/PIOC$TRSF2$CBStval,2000,SimulationTestbed/PIOC$CBStval,PIOC_TRSF2_CBStval,1648187681,1,85,FALSE,4,"[1, 0, 0, 1]"
1648187767.59693,8240938.83798465,20:17:01:16:f0:11,01:0c:cd:01:00:01,0x8003,152,SimulationTestbed/PIOC$FDR$CBStval,2000,SimulationTestbed/PIOC$CBStval,PIOC_FDR_CBStval,1648187753,3,13,FALSE,7,"[0, 1, 0, 0, 0, 0, 0]"
1648187768.28229,8240938.84141145,20:17:01:16:f0:23,01:0c:cd:01:00:01,0x8001,147,SimulationTestbed/PIOC$TRSF1$CBStval,2000,SimulationTestbed/PIOC$CBStval,PIOC_TRSF1_CBStval,1648187681,1,86,FALSE,4,"[0, 1, 0, 1]"
1648187768.44715,8240938.84223575,20:17:01:16:f0:32,01:0c:cd:01:00:01,0x8002,147,SimulationTestbed/PIOC$TRSF2$CBStval,2000,SimulationTestbed/PIOC$CBStval,PIOC_TRSF2_CBStval,1648187681,1,86,FALSE,4,"[1, 0, 0, 1]"
1648187768.59765,8240938.84298825,20:17:01:16:f0:11,01:0c:cd:01:00:01,0x8003,152,SimulationTestbed/PIOC$FDR$CBStval,2000,SimulationTestbed/PIOC$CBStval,PIOC_FDR_CBStval,1648187753,3,14,FALSE,7,"[0, 1, 0, 0, 0, 0, 0]"
1648187769.28256,8240938.84641280,20:17:01:16:f0:23,01:0c:cd:01:00:01,0x8001,147,SimulationTestbed/PIOC$TRSF1$CBStval,2000,SimulationTestbed/PIOC$CBStval,PIOC_TRSF1_CBStval,1648187681,1,87,FALSE,4,"[0, 1, 0, 1]"
1648187769.44839,8240938.84724195,20:17:01:16:f0:32,01:0c:cd:01:00:01,0x8002,147,SimulationTestbed/PIOC$TRSF2$CBStval,2000,SimulationTestbed/PIOC$CBStval,PIOC_TRSF2_CBStval,1648187681,1,87,FALSE,4,"[1, 0, 0, 1]"
1648187769.59856,8240938.84799280,20:17:01:16:f0:11,01:0c:cd:01:00:01,0x8003,152,SimulationTestbed/PIOC$FDR$CBStval,2000,SimulationTestbed/PIOC$CBStval,PIOC_FDR_CBStval,1648187753,3,15,FALSE,7,"[0, 1, 0, 0, 0, 0, 0]"
1648187770.28286,8240938.85141430,20:17:01:16:f0:23,01:0c:cd:01:00:01,0x8001,147,SimulationTestbed/PIOC$TRSF1$CBStval,2000,SimulationTestbed/PIOC$CBStval,PIOC_TRSF1_CBStval,1648187681,1,88,FALSE,4,"[0, 1, 0, 1]"
1648187770.44921,8240938.85224605,20:17:01:16:f0:32,01:0c:cd:01:00:01,0x8002,147,SimulationTestbed/PIOC$TRSF2$CBStval,2000,SimulationTestbed/PIOC$CBStval,PIOC_TRSF2_CBStval,1648187681,1,88,FALSE,4,"[1, 0, 0, 1]"
1648187770.59867,8240938.85299335,20:17:01:16:f0:11,01:0c:cd:01:00:01,0x8003,152,SimulationTestbed/PIOC$FDR$CBStval,2000,SimulationTestbed/PIOC$CBStval,PIOC_FDR_CBStval,1648187753,3,16,FALSE,7,"[0, 1, 0, 0, 0, 0, 0]"
1648187771.28368,8240938.85641840,20:17:01:16:f0:23,01:0c:cd:01:00:01,0x8001,147,SimulationTestbed/PIOC$TRSF1$CBStval,2000,SimulationTestbed/PIOC$CBStval,PIOC_TRSF1_CBStval,1648187681,1,89,FALSE,4,"[0, 1, 0, 1]"
1648187771.44971,8240938.85724855,20:17:01:16:f0:32,01:0c:cd:01:00:01,0x8002,147,SimulationTestbed/PIOC$TRSF2$CBStval,2000,SimulationTestbed/PIOC$CBStval,PIOC_TRSF2_CBStval,1648187681,1,89,FALSE,4,"[1, 0, 0, 1]"
1648187771.59931,8240938.85799655,20:17:01:16:f0:11,01:0c:cd:01:00:01,0x8003,152,SimulationTestbed/PIOC$FDR$CBStval,2000,SimulationTestbed/PIOC$CBStval,PIOC_FDR_CBStval,1648187753,3,17,FALSE,7,"[0, 1, 0, 0, 0, 0, 0]"
1648187772.28498,8240938.86142490,20:17:01:16:f0:23,01:0c:cd:01:00:01,0x8001,147,SimulationTestbed/PIOC$TRSF1$CBStval,2000,SimulationTestbed/PIOC$CBStval,PIOC_TRSF1_CBStval,1648187681,1,90,FALSE,4,"[0, 1, 0, 1]"
1648187772.44987,8240938.86224935,20:17:01:16:f0:32,01:0c:cd:01:00:01,0x8002,147,SimulationTestbed/PIOC$TRSF2$CBStval,2000,SimulationTestbed/PIOC$CBStval,PIOC_TRSF2_CBStval,1648187681,1,90,FALSE,4,"[1, 0, 0, 1]"
1648187772.59957,8240938.86299785,20:17:01:16:f0:11,01:0c:cd:01:00:01,0x8003,152,SimulationTestbed/PIOC$FDR$CBStval,2000,SimulationTestbed/PIOC$CBStval,PIOC_FDR_CBStval,1648187753,3,18,FALSE,7,"[0, 1, 0, 0, 0, 0, 0]"
1648187773.28520,8240938.86642600,20:17:01:16:f0:23,01:0c:cd:01:00:01,0x8001,147,SimulationTestbed/PIOC$TRSF1$CBStval,2000,SimulationTestbed/PIOC$CBStval,PIOC_TRSF1_CBStval,1648187681,1,91,FALSE,4,"[0, 1, 0, 1]"
1648187773.45003,8240938.86725015,20:17:01:16:f0:32,01:0c:cd:01:00:01,0x8002,147,SimulationTestbed/PIOC$TRSF2$CBStval,2000,SimulationTestbed/PIOC$CBStval,PIOC_TRSF2_CBStval,1648187681,1,91,FALSE,4,"[1, 0, 0, 1]"
1648187773.60003,8240938.86800015,20:17:01:16:f0:11,01:0c:cd:01:00:01,0x8003,152,SimulationTestbed/PIOC$FDR$CBStval,2000,SimulationTestbed/PIOC$CBStval,PIOC_FDR_CBStval,1648187753,3,19,FALSE,7,"[0, 1, 0, 0, 0, 0, 0]"
1648187774.28567,8240938.87142835,20:17:01:16:f0:23,01:0c:cd:01:00:01,0x8001,147,SimulationTestbed/PIOC$TRSF1$CBStval,2000,SimulationTestbed/PIOC$CBStval,PIOC_TRSF1_CBStval,1648187681,1,92,FALSE,4,"[0, 1, 0, 1]"
1648187774.45024,8240938.87225120,20:17:01:16:f0:32,01:0c:cd:01:00:01,0x8002,147,SimulationTestbed/PIOC$TRSF2$CBStval,2000,SimulationTestbed/PIOC$CBStval,PIOC_TRSF2_CBStval,1648187681,1,92,FALSE,4,"[1, 0, 0, 1]"
1648187774.60068,8240938.87300340,20:17:01:16:f0:11,01:0c:cd:01:00:01,0x8003,152,SimulationTestbed/PIOC$FDR$CBStval,2000,SimulationTestbed/PIOC$CBStval,PIOC_FDR_CBStval,1648187753,3,20,FALSE,7,"[0, 1, 0, 0, 0, 0, 0]"
1648187775.28642,8240938.87643210,20:17:01:16:f0:23,01:0c:cd:01:00:01,0x8001,147,SimulationTestbed/PIOC$TRSF1$CBStval,2000,SimulationTestbed/PIOC$CBStval,PIOC_TRSF1_CBStval,1648187681,1,93,FALSE,4,"[0, 1, 0, 1]"
1648187775.45140,8240938.87725700,20:17:01:16:f0:32,01:0c:cd:01:00:01,0x8002,147,SimulationTestbed/PIOC$TRSF2$CBStval,2000,SimulationTestbed/PIOC$CBStval,PIOC_TRSF2_CBStval,1648187681,1,93,FALSE,4,"[1, 0, 0, 1]"
1648187775.60075,8240938.87800375,20:17:01:16:f0:11,01:0c:cd:01:00:01,0x8003,152,SimulationTestbed/PIOC$FDR$CBStval,2000,SimulationTestbed/PIOC$CBStval,PIOC_FDR_CBStval,1648187753,3,21,FALSE,7,"[0, 1, 0, 0, 0, 0, 0]"
1648187776.28673,8240938.88143365,20:17:01:16:f0:23,01:0c:cd:01:00:01,0x8001,147,SimulationTestbed/PIOC$TRSF1$CBStval,2000,SimulationTestbed/PIOC$CBStval,PIOC_TRSF1_CBStval,1648187681,1,94,FALSE,4,"[0, 1, 0, 1]"
1648187776.45093,8240938.88225465,20:17:01:16:f0:32,01:0c:cd:01:00:01,0x8002,147,SimulationTestbed/PIOC$TRSF2$CBStval,2000,SimulationTestbed/PIOC$CBStval,PIOC_TRSF2_CBStval,1648187681,1,94,FALSE,4,"[1, 0, 0, 1]"
1648187776.60174,8240938.88300870,20:17:01:16:f0:11,01:0c:cd:01:00:01,0x8003,152,SimulationTestbed/PIOC$FDR$CBStval,2000,SimulationTestbed/PIOC$CBStval,PIOC_FDR_CBStval,1648187753,3,22,FALSE,7,"[0, 1, 0, 0, 0, 0, 0]"
1648187777.28723,8240938.88643615,20:17:01:16:f0:23,01:0c:cd:01:00:01,0x8001,147,SimulationTestbed/PIOC$TRSF1$CBStval,2000,SimulationTestbed/PIOC$CBStval,PIOC_TRSF1_CBStval,1648187681,1,95,FALSE,4,"[0, 1, 0, 1]"
1648187777.45163,8240938.88725815,20:17:01:16:f0:32,01:0c:cd:01:00:01,0x8002,147,SimulationTestbed/PIOC$TRSF2$CBStval,2000,SimulationTestbed/PIOC$CBStval,PIOC_TRSF2_CBStval,1648187681,1,95,FALSE,4,"[1, 0, 0, 1]"
1648187777.60140,8240938.88800700,20:17:01:16:f0:11,01:0c:cd:01:00:01,0x8003,152,SimulationTestbed/PIOC$FDR$CBStval,2000,SimulationTestbed/PIOC$CBStval,PIOC_FDR_CBStval,1648187753,3,23,FALSE,7,"[0, 1, 0, 0, 0, 0, 0]"
1648187778.28745,8240938.89143725,20:17:01:16:f0:23,01:0c:cd:01:00:01,0x8001,147,SimulationTestbed/PIOC$TRSF1$CBStval,2000,SimulationTestbed/PIOC$CBStval,PIOC_TRSF1_CBStval,1648187681,1,96,FALSE,4,"[0, 1, 0, 1]"
1648187778.45182,8240938.89225910,20:17:01:16:f0:32,01:0c:cd:01:00:01,0x8002,147,SimulationTestbed/PIOC$TRSF2$CBStval,2000,SimulationTestbed/PIOC$CBStval,PIOC_TRSF2_CBStval,1648187681,1,96,FALSE,4,"[1, 0, 0, 1]"
1648187778.60180,8240938.89300900,20:17:01:16:f0:11,01:0c:cd:01:00:01,0x8003,152,SimulationTestbed/PIOC$FDR$CBStval,2000,SimulationTestbed/PIOC$CBStval,PIOC_FDR_CBStval,1648187753,3,24,FALSE,7,"[0, 1, 0, 0, 0, 0, 0]"
1648187779.28862,8240938.89644310,20:17:01:16:f0:23,01:0c:cd:01:00:01,0x8001,147,SimulationTestbed/PIOC$TRSF1$CBStval,2000,SimulationTestbed/PIOC$CBStval,PIOC_TRSF1_CBStval,1648187681,1,97,FALSE,4,"[0, 1, 0, 1]"
1648187779.45221,8240938.89726105,20:17:01:16:f0:32,01:0c:cd:01:00:01,0x8002,147,SimulationTestbed/PIOC$TRSF2$CBStval,2000,SimulationTestbed/PIOC$CBStval,PIOC_TRSF2_CBStval,1648187681,1,97,FALSE,4,"[1, 0, 0, 1]"
1648187779.60376,8240938.89801880,20:17:01:16:f0:11,01:0c:cd:01:00:01,0x8003,152,SimulationTestbed/PIOC$FDR$CBStval,2000,SimulationTestbed/PIOC$CBStval,PIOC_FDR_CBStval,1648187753,3,25,FALSE,7,"[0, 1, 0, 0, 0, 0, 0]"
1648187780.28894,8240938.90144470,20:17:01:16:f0:23,01:0c:cd:01:00:01,0x8001,147,SimulationTestbed/PIOC$TRSF1$CBStval,2000,SimulationTestbed/PIOC$CBStval,PIOC_TRSF1_CBStval,1648187681,1,98,FALSE,4,"[0, 1, 0, 1]"
1648187780.45334,8240938.90226670,20:17:01:16:f0:32,01:0c:cd:01:00:01,0x8002,147,SimulationTestbed/PIOC$TRSF2$CBStval,2000,SimulationTestbed/PIOC$CBStval,PIOC_TRSF2_CBStval,1648187681,1,98,FALSE,4,"[1, 0, 0, 1]"
1648187780.60350,8240938.90301750,20:17:01:16:f0:11,01:0c:cd:01:00:01,0x8003,152,SimulationTestbed/PIOC$FDR$CBStval,2000,SimulationTestbed/PIOC$CBStval,PIOC_FDR_CBStval,1648187753,3,26,FALSE,7,"[0, 1, 0, 0, 0, 0, 0]"
1648187781.28978,8240938.90644890,20:17:01:16:f0:23,01:0c:cd:01:00:01,0x8001,147,SimulationTestbed/PIOC$TRSF1$CBStval,2000,SimulationTestbed/PIOC$CBStval,PIOC_TRSF1_CBStval,1648187681,1,99,FALSE,4,"[0, 1, 0, 1]"
1648187781.45328,8240938.90726640,20:17:01:16:f0:32,01:0c:cd:01:00:01,0x8002,147,SimulationTestbed/PIOC$TRSF2$CBStval,2000,SimulationTestbed/PIOC$CBStval,PIOC_TRSF2_CBStval,1648187681,1,99,FALSE,4,"[1, 0, 0, 1]"
1648187781.60432,8240938.90802160,20:17:01:16:f0:11,01:0c:cd:01:00:01,0x8003,152,SimulationTestbed/PIOC$FDR$CBStval,2000,SimulationTestbed/PIOC$CBStval,PIOC_FDR_CBStval,1648187753,3,27,FALSE,7,"[0, 1, 0, 0, 0, 0, 0]"
1648187782.29017,8240938.91145085,20:17:01:16:f0:23,01:0c:cd:01:00:01,0x8001,147,SimulationTestbed/PIOC$TRSF1$CBStval,2000,SimulationTestbed/PIOC$CBStval,PIOC_TRSF1_CBStval,1648187681,1,100,FALSE,4,"[0, 1, 0, 1]"
1648187782.45330,8240938.91226650,20:17:01:16:f0:32,01:0c:cd:01:00:01,0x8002,147,SimulationTestbed/PIOC$TRSF2$CBStval,2000,SimulationTestbed/PIOC$CBStval,PIOC_TRSF2_CBStval,1648187681,1,100,FALSE,4,"[1, 0, 0, 1]"
1648187782.60468,8240938.91302340,20:17:01:16:f0:11,01:0c:cd:01:00:01,0x8003,152,SimulationTestbed/PIOC$FDR$CBStval,2000,SimulationTestbed/PIOC$CBStval,PIOC_FDR_CBStval,1648187753,3,28,FALSE,7,"[0, 1, 0, 0, 0, 0, 0]"
1648187783.29037,8240938.91645185,20:17:01:16:f0:23,01:0c:cd:01:00:01,0x8001,147,SimulationTestbed/PIOC$TRSF1$CBStval,2000,SimulationTestbed/PIOC$CBStval,PIOC_TRSF1_CBStval,1648187681,1,101,FALSE,4,"[0, 1, 0, 1]"
1648187783.45476,8240938.91727380,20:17:01:16:f0:32,01:0c:cd:01:00:01,0x8002,147,SimulationTestbed/PIOC$TRSF2$CBStval,2000,SimulationTestbed/PIOC$CBStval,PIOC_TRSF2_CBStval,1648187681,1,101,FALSE,4,"[1, 0, 0, 1]"
1648187783.60494,8240938.91802470,20:17:01:16:f0:11,01:0c:cd:01:00:01,0x8003,152,SimulationTestbed/PIOC$FDR$CBStval,2000,SimulationTestbed/PIOC$CBStval,PIOC_FDR_CBStval,1648187753,3,29,FALSE,7,"[0, 1, 0, 0, 0, 0, 0]"
1648187784.29076,8240938.92145380,20:17:01:16:f0:23,01:0c:cd:01:00:01,0x8001,147,SimulationTestbed/PIOC$TRSF1$CBStval,2000,SimulationTestbed/PIOC$CBStval,PIOC_TRSF1_CBStval,1648187681,1,102,FALSE,4,"[0, 1, 0, 1]"
1648187784.45398,8240938.92226990,20:17:01:16:f0:32,01:0c:cd:01:00:01,0x8002,147,SimulationTestbed/PIOC$TRSF2$CBStval,2000,SimulationTestbed/PIOC$CBStval,PIOC_TRSF2_CBStval,1648187681,1,102,FALSE,4,"[1, 0, 0, 1]"
1648187784.60521,8240938.92302605,20:17:01:16:f0:11,01:0c:cd:01:00:01,0x8003,152,SimulationTestbed/PIOC$FDR$CBStval,2000,SimulationTestbed/PIOC$CBStval,PIOC_FDR_CBStval,1648187753,3,30,FALSE,7,"[0, 1, 0, 0, 0, 0, 0]"
1648187785.29130,8240938.92645650,20:17:01:16:f0:23,01:0c:cd:01:00:01,0x8001,147,SimulationTestbed/PIOC$TRSF1$CBStval,2000,SimulationTestbed/PIOC$CBStval,PIOC_TRSF1_CBStval,1648187681,1,103,FALSE,4,"[0, 1, 0, 1]"
1648187785.45488,8240938.92727440,20:17:01:16:f0:32,01:0c:cd:01:00:01,0x8002,147,SimulationTestbed/PIOC$TRSF2$CBStval,2000,SimulationTestbed/PIOC$CBStval,PIOC_TRSF2_CBStval,1648187681,1,103,FALSE,4,"[1, 0, 0, 1]"
1648187785.60556,8240938.92802780,20:17:01:16:f0:11,01:0c:cd:01:00:01,0x8003,152,SimulationTestbed/PIOC$FDR$CBStval,2000,SimulationTestbed/PIOC$CBStval,PIOC_FDR_CBStval,1648187753,3,31,FALSE,7,"[0, 1, 0, 0, 0, 0, 0]"
1648187786.29145,8240938.93145725,20:17:01:16:f0:23,01:0c:cd:01:00:01,0x8001,147,SimulationTestbed/PIOC$TRSF1$CBStval,2000,SimulationTestbed/PIOC$CBStval,PIOC_TRSF1_CBStval,1648187681,1,104,FALSE,4,"[0, 1, 0, 1]"
1648187786.45568,8240938.93227840,20:17:01:16:f0:32,01:0c:cd:01:00:01,0x8002,147,SimulationTestbed/PIOC$TRSF2$CBStval,2000,SimulationTestbed/PIOC$CBStval,PIOC_TRSF2_CBStval,1648187681,1,104,FALSE,4,"[1, 0, 0, 1]"
1648187786.60619,8240938.93303095,20:17:01:16:f0:11,01:0c:cd:01:00:01,0x8003,152,SimulationTestbed/PIOC$FDR$CBStval,2000,SimulationTestbed/PIOC$CBStval,PIOC_FDR_CBStval,1648187753,3,32,FALSE,7,"[0, 1, 0, 0, 0, 0, 0]"
1648187787.29189,8240938.93645945,20:17:01:16:f0:23,01:0c:cd:01:00:01,0x8001,147,SimulationTestbed/PIOC$TRSF1$CBStval,2000,SimulationTestbed/PIOC$CBStval,PIOC_TRSF1_CBStval,1648187681,1,105,FALSE,4,"[0, 1, 0, 1]"
1648187787.45567,8240938.93727835,20:17:01:16:f0:32,01:0c:cd:01:00:01,0x8002,147,SimulationTestbed/PIOC$TRSF2$CBStval,2000,SimulationTestbed/PIOC$CBStval,PIOC_TRSF2_CBStval,1648187681,1,105,FALSE,4,"[1, 0, 0, 1]"
1648187787.60808,8240938.93804040,20:17:01:16:f0:11,01:0c:cd:01:00:01,0x8003,152,SimulationTestbed/PIOC$FDR$CBStval,2000,SimulationTestbed/PIOC$CBStval,PIOC_FDR_CBStval,1648187753,3,33,FALSE,7,"[0, 1, 0, 0, 0, 0, 0]"
1648187788.29484,8240938.94147420,20:17:01:16:f0:23,01:0c:cd:01:00:01,0x8001,147,SimulationTestbed/PIOC$TRSF1$CBStval,2000,SimulationTestbed/PIOC$CBStval,PIOC_TRSF1_CBStval,1648187681,1,106,FALSE,4,"[0, 1, 0, 1]"
1648187788.45546,8240938.94227730,20:17:01:16:f0:32,01:0c:cd:01:00:01,0x8002,147,SimulationTestbed/PIOC$TRSF2$CBStval,2000,SimulationTestbed/PIOC$CBStval,PIOC_TRSF2_CBStval,1648187681,1,106,FALSE,4,"[1, 0, 0, 1]"
1648187788.60800,8240938.94304000,20:17:01:16:f0:11,01:0c:cd:01:00:01,0x8003,152,SimulationTestbed/PIOC$FDR$CBStval,2000,SimulationTestbed/PIOC$CBStval,PIOC_FDR_CBStval,1648187753,3,34,FALSE,7,"[0, 1, 0, 0, 0, 0, 0]"
1648187788.61242,8240938.94306210,20:17:01:16:f0:11,01:0c:cd:01:00:01,0x8003,152,SimulationTestbed/PIOC$FDR$CBStval,2000,SimulationTestbed/PIOC$CBStval,PIOC_FDR_CBStval,1648187788,4,0,FALSE,7,"[0, 1, 1, 0, 0, 0, 0]"
1648187788.62072,8240938.94310360,20:17:01:16:f0:11,01:0c:cd:01:00:01,0x8003,152,SimulationTestbed/PIOC$FDR$CBStval,2000,SimulationTestbed/PIOC$CBStval,PIOC_FDR_CBStval,1648187788,4,1,FALSE,7,"[0, 1, 1, 0, 0, 0, 0]"
1648187788.63743,8240938.94318715,20:17:01:16:f0:11,01:0c:cd:01:00:01,0x8003,152,SimulationTestbed/PIOC$FDR$CBStval,2000,SimulationTestbed/PIOC$CBStval,PIOC_FDR_CBStval,1648187788,4,2,FALSE,7,"[0, 1, 1, 0, 0, 0, 0]"
1648187788.67045,8240938.94335225,20:17:01:16:f0:11,01:0c:cd:01:00:01,0x8003,152,SimulationTestbed/PIOC$FDR$CBStval,2000,SimulationTestbed/PIOC$CBStval,PIOC_FDR_CBStval,1648187788,4,3,FALSE,7,"[0, 1, 1, 0, 0, 0, 0]"
1648187788.73442,8240938.94367210,20:17:01:16:f0:11,01:0c:cd:01:00:01,0x8003,152,SimulationTestbed/PIOC$FDR$CBStval,2000,SimulationTestbed/PIOC$CBStval,PIOC_FDR_CBStval,1648187788,4,4,FALSE,7,"[0, 1, 1, 0, 0, 0, 0]"
1648187788.86311,8240938.94431555,20:17:01:16:f0:11,01:0c:cd:01:00:01,0x8003,152,SimulationTestbed/PIOC$FDR$CBStval,2000,SimulationTestbed/PIOC$CBStval,PIOC_FDR_CBStval,1648187788,4,5,FALSE,7,"[0, 1, 1, 0, 0, 0, 0]"
1648187789.11939,8240938.94559695,20:17:01:16:f0:11,01:0c:cd:01:00:01,0x8003,152,SimulationTestbed/PIOC$FDR$CBStval,2000,SimulationTestbed/PIOC$CBStval,PIOC_FDR_CBStval,1648187788,4,6,FALSE,7,"[0, 1, 1, 0, 0, 0, 0]"
1648187789.29748,8240938.94648740,20:17:01:16:f0:23,01:0c:cd:01:00:01,0x8001,147,SimulationTestbed/PIOC$TRSF1$CBStval,2000,SimulationTestbed/PIOC$CBStval,PIOC_TRSF1_CBStval,1648187681,1,107,FALSE,4,"[0, 1, 0, 1]"
1648187789.45603,8240938.94728015,20:17:01:16:f0:32,01:0c:cd:01:00:01,0x8002,147,SimulationTestbed/PIOC$TRSF2$CBStval,2000,SimulationTestbed/PIOC$CBStval,PIOC_TRSF2_CBStval,1648187681,1,107,FALSE,4,"[1, 0, 0, 1]"
1648187789.63613,8240938.94818065,20:17:01:16:f0:11,01:0c:cd:01:00:01,0x8003,152,SimulationTestbed/PIOC$FDR$CBStval,2000,SimulationTestbed/PIOC$CBStval,PIOC_FDR_CBStval,1648187788,4,7,FALSE,7,"[0, 1, 1, 0, 0, 0, 0]"
1648187790.29775,8240938.95148875,20:17:01:16:f0:23,01:0c:cd:01:00:01,0x8001,147,SimulationTestbed/PIOC$TRSF1$CBStval,2000,SimulationTestbed/PIOC$CBStval,PIOC_TRSF1_CBStval,1648187681,1,108,FALSE,4,"[0, 1, 0, 1]"
1648187790.45651,8240938.95228255,20:17:01:16:f0:32,01:0c:cd:01:00:01,0x8002,147,SimulationTestbed/PIOC$TRSF2$CBStval,2000,SimulationTestbed/PIOC$CBStval,PIOC_TRSF2_CBStval,1648187681,1,108,FALSE,4,"[1, 0, 0, 1]"
1648187790.63686,8240938.95318430,20:17:01:16:f0:11,01:0c:cd:01:00:01,0x8003,152,SimulationTestbed/PIOC$FDR$CBStval,2000,SimulationTestbed/PIOC$CBStval,PIOC_FDR_CBStval,1648187788,4,8,FALSE,7,"[0, 1, 1, 0, 0, 0, 0]"
1648187791.29839,8240938.95649195,20:17:01:16:f0:23,01:0c:cd:01:00:01,0x8001,147,SimulationTestbed/PIOC$TRSF1$CBStval,2000,SimulationTestbed/PIOC$CBStval,PIOC_TRSF1_CBStval,1648187681,1,109,FALSE,4,"[0, 1, 0, 1]"
1648187791.45642,8240938.95728210,20:17:01:16:f0:32,01:0c:cd:01:00:01,0x8002,147,SimulationTestbed/PIOC$TRSF2$CBStval,2000,SimulationTestbed/PIOC$CBStval,PIOC_TRSF2_CBStval,1648187681,1,109,FALSE,4,"[1, 0, 0, 1]"
1648187791.63713,8240938.95818565,20:17:01:16:f0:11,01:0c:cd:01:00:01,0x8003,152,SimulationTestbed/PIOC$FDR$CBStval,2000,SimulationTestbed/PIOC$CBStval,PIOC_FDR_CBStval,1648187788,4,9,FALSE,7,"[0, 1, 1, 0, 0, 0, 0]"
1648187792.29996,8240938.96149980,20:17:01:16:f0:23,01:0c:cd:01:00:01,0x8001,147,SimulationTestbed/PIOC$TRSF1$CBStval,2000,SimulationTestbed/PIOC$CBStval,PIOC_TRSF1_CBStval,1648187681,1,110,FALSE,4,"[0, 1, 0, 1]"
1648187792.45670,8240938.96228350,20:17:01:16:f0:32,01:0c:cd:01:00:01,0x8002,147,SimulationTestbed/PIOC$TRSF2$CBStval,2000,SimulationTestbed/PIOC$CBStval,PIOC_TRSF2_CBStval,1648187681,1,110,FALSE,4,"[1, 0, 0, 1]"
1648187792.63768,8240938.96318840,20:17:01:16:f0:11,01:0c:cd:01:00:01,0x8003,152,SimulationTestbed/PIOC$FDR$CBStval,2000,SimulationTestbed/PIOC$CBStval,PIOC_FDR_CBStval,1648187788,4,10,FALSE,7,"[0, 1, 1, 0, 0, 0, 0]"
1648187793.30032,8240938.96650160,20:17:01:16:f0:23,01:0c:cd:01:00:01,0x8001,147,SimulationTestbed/PIOC$TRSF1$CBStval,2000,SimulationTestbed/PIOC$CBStval,PIOC_TRSF1_CBStval,1648187681,1,111,FALSE,4,"[0, 1, 0, 1]"
1648187793.45811,8240938.96729055,20:17:01:16:f0:32,01:0c:cd:01:00:01,0x8002,147,SimulationTestbed/PIOC$TRSF2$CBStval,2000,SimulationTestbed/PIOC$CBStval,PIOC_TRSF2_CBStval,1648187681,1,111,FALSE,4,"[1, 0, 0, 1]"
1648187793.63767,8240938.96818835,20:17:01:16:f0:11,01:0c:cd:01:00:01,0x8003,152,SimulationTestbed/PIOC$FDR$CBStval,2000,SimulationTestbed/PIOC$CBStval,PIOC_FDR_CBStval,1648187788,4,11,FALSE,7,"[0, 1, 1, 0, 0, 0, 0]"
1648187794.30057,8240938.97150285,20:17:01:16:f0:23,01:0c:cd:01:00:01,0x8001,147,SimulationTestbed/PIOC$TRSF1$CBStval,2000,SimulationTestbed/PIOC$CBStval,PIOC_TRSF1_CBStval,1648187681,1,112,FALSE,4,"[0, 1, 0, 1]"
1648187794.45808,8240938.97229040,20:17:01:16:f0:32,01:0c:cd:01:00:01,0x8002,147,SimulationTestbed/PIOC$TRSF2$CBStval,2000,SimulationTestbed/PIOC$CBStval,PIOC_TRSF2_CBStval,1648187681,1,112,FALSE,4,"[1, 0, 0, 1]"
1648187794.63794,8240938.97318970,20:17:01:16:f0:11,01:0c:cd:01:00:01,0x8003,152,SimulationTestbed/PIOC$FDR$CBStval,2000,SimulationTestbed/PIOC$CBStval,PIOC_FDR_CBStval,1648187788,4,12,FALSE,7,"[0, 1, 1, 0, 0, 0, 0]"
1648187795.30129,8240938.97650645,20:17:01:16:f0:23,01:0c:cd:01:00:01,0x8001,147,SimulationTestbed/PIOC$TRSF1$CBStval,2000,SimulationTestbed/PIOC$CBStval,PIOC_TRSF1_CBStval,1648187681,1,113,FALSE,4,"[0, 1, 0, 1]"
1648187795.46106,8240938.97730530,20:17:01:16:f0:32,01:0c:cd:01:00:01,0x8002,147,SimulationTestbed/PIOC$TRSF2$CBStval,2000,SimulationTestbed/PIOC$CBStval,PIOC_TRSF2_CBStval,1648187681,1,113,FALSE,4,"[1, 0, 0, 1]"
1648187795.63856,8240938.97819280,20:17:01:16:f0:11,01:0c:cd:01:00:01,0x8003,152,SimulationTestbed/PIOC$FDR$CBStval,2000,SimulationTestbed/PIOC$CBStval,PIOC_FDR_CBStval,1648187788,4,13,FALSE,7,"[0, 1, 1, 0, 0, 0, 0]"
1648187796.30150,8240938.98150750,20:17:01:16:f0:23,01:0c:cd:01:00:01,0x8001,147,SimulationTestbed/PIOC$TRSF1$CBStval,2000,SimulationTestbed/PIOC$CBStval,PIOC_TRSF1_CBStval,1648187681,1,114,FALSE,4,"[0, 1, 0, 1]"
1648187796.45997,8240938.98229985,20:17:01:16:f0:32,01:0c:cd:01:00:01,0x8002,147,SimulationTestbed/PIOC$TRSF2$CBStval,2000,SimulationTestbed/PIOC$CBStval,PIOC_TRSF2_CBStval,1648187681,1,114,FALSE,4,"[1, 0, 0, 1]"
1648187796.63967,8240938.98319835,20:17:01:16:f0:11,01:0c:cd:01:00:01,0x8003,152,SimulationTestbed/PIOC$FDR$CBStval,2000,SimulationTestbed/PIOC$CBStval,PIOC_FDR_CBStval,1648187788,4,14,FALSE,7,"[0, 1, 1, 0, 0, 0, 0]"
1648187797.30293,8240938.98651465,20:17:01:16:f0:23,01:0c:cd:01:00:01,0x8001,147,SimulationTestbed/PIOC$TRSF1$CBStval,2000,SimulationTestbed/PIOC$CBStval,PIOC_TRSF1_CBStval,1648187681,1,115,FALSE,4,"[0, 1, 0, 1]"
1648187797.46058,8240938.98730290,20:17:01:16:f0:32,01:0c:cd:01:00:01,0x8002,147,SimulationTestbed/PIOC$TRSF2$CBStval,2000,SimulationTestbed/PIOC$CBStval,PIOC_TRSF2_CBStval,1648187681,1,115,FALSE,4,"[1, 0, 0, 1]"
1648187797.63944,8240938.98819720,20:17:01:16:f0:11,01:0c:cd:01:00:01,0x8003,152,SimulationTestbed/PIOC$FDR$CBStval,2000,SimulationTestbed/PIOC$CBStval,PIOC_FDR_CBStval,1648187788,4,15,FALSE,7,"[0, 1, 1, 0, 0, 0, 0]"
1648187798.30369,8240938.99151845,20:17:01:16:f0:23,01:0c:cd:01:00:01,0x8001,147,SimulationTestbed/PIOC$TRSF1$CBStval,2000,SimulationTestbed/PIOC$CBStval,PIOC_TRSF1_CBStval,1648187681,1,116,FALSE,4,"[0, 1, 0, 1]"
1648187798.46122,8240938.99230610,20:17:01:16:f0:32,01:0c:cd:01:00:01,0x8002,147,SimulationTestbed/PIOC$TRSF2$CBStval,2000,SimulationTestbed/PIOC$CBStval,PIOC_TRSF2_CBStval,1648187681,1,116,FALSE,4,"[1, 0, 0, 1]"
1648187798.64084,8240938.99320420,20:17:01:16:f0:11,01:0c:cd:01:00:01,0x8003,152,SimulationTestbed/PIOC$FDR$CBStval,2000,SimulationTestbed/PIOC$CBStval,PIOC_FDR_CBStval,1648187788,4,16,FALSE,7,"[0, 1, 1, 0, 0, 0, 0]"
1648187799.30444,8240938.99652220,20:17:01:16:f0:23,01:0c:cd:01:00:01,0x8001,147,SimulationTestbed/PIOC$TRSF1$CBStval,2000,SimulationTestbed/PIOC$CBStval,PIOC_TRSF1_CBStval,1648187681,1,117,FALSE,4,"[0, 1, 0, 1]"
1648187799.46088,8240938.99730440,20:17:01:16:f0:32,01:0c:cd:01:00:01,0x8002,147,SimulationTestbed/PIOC$TRSF2$CBStval,2000,SimulationTestbed/PIOC$CBStval,PIOC_TRSF2_CBStval,1648187681,1,117,FALSE,4,"[1, 0, 0, 1]"
1648187799.64103,8240938.99820515,20:17:01:16:f0:11,01:0c:cd:01:00:01,0x8003,152,SimulationTestbed/PIOC$FDR$CBStval,2000,SimulationTestbed/PIOC$CBStval,PIOC_FDR_CBStval,1648187788,4,17,FALSE,7,"[0, 1, 1, 0, 0, 0, 0]"
1648187800.31135,8240939.00155675,20:17:01:16:f0:23,01:0c:cd:01:00:01,0x8001,147,SimulationTestbed/PIOC$TRSF1$CBStval,2000,SimulationTestbed/PIOC$CBStval,PIOC_TRSF1_CBStval,1648187681,1,118,FALSE,4,"[0, 1, 0, 1]"
1648187800.46134,8240939.00230670,20:17:01:16:f0:32,01:0c:cd:01:00:01,0x8002,147,SimulationTestbed/PIOC$TRSF2$CBStval,2000,SimulationTestbed/PIOC$CBStval,PIOC_TRSF2_CBStval,1648187681,1,118,FALSE,4,"[1, 0, 0, 1]"
1648187800.64136,8240939.00320680,20:17:01:16:f0:11,01:0c:cd:01:00:01,0x8003,152,SimulationTestbed/PIOC$FDR$CBStval,2000,SimulationTestbed/PIOC$CBStval,PIOC_FDR_CBStval,1648187788,4,18,FALSE,7,"[0, 1, 1, 0, 0, 0, 0]"
1648187801.31158,8240939.00655790,20:17:01:16:f0:23,01:0c:cd:01:00:01,0x8001,147,SimulationTestbed/PIOC$TRSF1$CBStval,2000,SimulationTestbed/PIOC$CBStval,PIOC_TRSF1_CBStval,1648187681,1,119,FALSE,4,"[0, 1, 0, 1]"
1648187801.46212,8240939.00731060,20:17:01:16:f0:32,01:0c:cd:01:00:01,0x8002,147,SimulationTestbed/PIOC$TRSF2$CBStval,2000,SimulationTestbed/PIOC$CBStval,PIOC_TRSF2_CBStval,1648187681,1,119,FALSE,4,"[1, 0, 0, 1]"
1648187801.64167,8240939.00820835,20:17:01:16:f0:11,01:0c:cd:01:00:01,0x8003,152,SimulationTestbed/PIOC$FDR$CBStval,2000,SimulationTestbed/PIOC$CBStval,PIOC_FDR_CBStval,1648187788,4,19,FALSE,7,"[0, 1, 1, 0, 0, 0, 0]"
1648187802.31181,8240939.01155905,20:17:01:16:f0:23,01:0c:cd:01:00:01,0x8001,147,SimulationTestbed/PIOC$TRSF1$CBStval,2000,SimulationTestbed/PIOC$CBStval,PIOC_TRSF1_CBStval,1648187681,1,120,FALSE,4,"[0, 1, 0, 1]"
1648187802.46259,8240939.01231295,20:17:01:16:f0:32,01:0c:cd:01:00:01,0x8002,147,SimulationTestbed/PIOC$TRSF2$CBStval,2000,SimulationTestbed/PIOC$CBStval,PIOC_TRSF2_CBStval,1648187681,1,120,FALSE,4,"[1, 0, 0, 1]"
1648187802.64452,8240939.01322260,20:17:01:16:f0:11,01:0c:cd:01:00:01,0x8003,152,SimulationTestbed/PIOC$FDR$CBStval,2000,SimulationTestbed/PIOC$CBStval,PIOC_FDR_CBStval,1648187788,4,20,FALSE,7,"[0, 1, 1, 0, 0, 0, 0]"
1648187803.31206,8240939.01656030,20:17:01:16:f0:23,01:0c:cd:01:00:01,0x8001,147,SimulationTestbed/PIOC$TRSF1$CBStval,2000,SimulationTestbed/PIOC$CBStval,PIOC_TRSF1_CBStval,1648187681,1,121,FALSE,4,"[0, 1, 0, 1]"
1648187803.46282,8240939.01731410,20:17:01:16:f0:32,01:0c:cd:01:00:01,0x8002,147,SimulationTestbed/PIOC$TRSF2$CBStval,2000,SimulationTestbed/PIOC$CBStval,PIOC_TRSF2_CBStval,1648187681,1,121,FALSE,4,"[1, 0, 0, 1]"
1648187803.64485,8240939.01822425,20:17:01:16:f0:11,01:0c:cd:01:00:01,0x8003,152,SimulationTestbed/PIOC$FDR$CBStval,2000,SimulationTestbed/PIOC$CBStval,PIOC_FDR_CBStval,1648187788,4,21,FALSE,7,"[0, 1, 1, 0, 0, 0, 0]"
1648187804.31252,8240939.02156260,20:17:01:16:f0:23,01:0c:cd:01:00:01,0x8001,147,SimulationTestbed/PIOC$TRSF1$CBStval,2000,SimulationTestbed/PIOC$CBStval,PIOC_TRSF1_CBStval,1648187681,1,122,FALSE,4,"[0, 1, 0, 1]"
1648187804.46412,8240939.02232060,20:17:01:16:f0:32,01:0c:cd:01:00:01,0x8002,147,SimulationTestbed/PIOC$TRSF2$CBStval,2000,SimulationTestbed/PIOC$CBStval,PIOC_TRSF2_CBStval,1648187681,1,122,FALSE,4,"[1, 0, 0, 1]"
1648187804.64558,8240939.02322790,20:17:01:16:f0:11,01:0c:cd:01:00:01,0x8003,152,SimulationTestbed/PIOC$FDR$CBStval,2000,SimulationTestbed/PIOC$CBStval,PIOC_FDR_CBStval,1648187788,4,22,FALSE,7,"[0, 1, 1, 0, 0, 0, 0]"
1648187805.31280,8240939.02656400,20:17:01:16:f0:23,01:0c:cd:01:00:01,0x8001,147,SimulationTestbed/PIOC$TRSF1$CBStval,2000,SimulationTestbed/PIOC$CBStval,PIOC_TRSF1_CBStval,1648187681,1,123,FALSE,4,"[0, 1, 0, 1]"
1648187805.46472,8240939.02732360,20:17:01:16:f0:32,01:0c:cd:01:00:01,0x8002,147,SimulationTestbed/PIOC$TRSF2$CBStval,2000,SimulationTestbed/PIOC$CBStval,PIOC_TRSF2_CBStval,1648187681,1,123,FALSE,4,"[1, 0, 0, 1]"
1648187805.64708,8240939.02823540,20:17:01:16:f0:11,01:0c:cd:01:00:01,0x8003,152,SimulationTestbed/PIOC$FDR$CBStval,2000,SimulationTestbed/PIOC$CBStval,PIOC_FDR_CBStval,1648187804,5,0,FALSE,7,"[0, 1, 0, 0, 0, 0, 0]"
1648187806.31306,8240939.03156530,20:17:01:16:f0:23,01:0c:cd:01:00:01,0x8001,147,SimulationTestbed/PIOC$TRSF1$CBStval,2000,SimulationTestbed/PIOC$CBStval,PIOC_TRSF1_CBStval,1648187681,1,124,FALSE,4,"[0, 1, 0, 1]"
1648187806.46403,8240939.03232015,20:17:01:16:f0:32,01:0c:cd:01:00:01,0x8002,147,SimulationTestbed/PIOC$TRSF2$CBStval,2000,SimulationTestbed/PIOC$CBStval,PIOC_TRSF2_CBStval,1648187681,1,124,FALSE,4,"[1, 0, 0, 1]"
1648187806.64806,8240939.03324030,20:17:01:16:f0:11,01:0c:cd:01:00:01,0x8003,152,SimulationTestbed/PIOC$FDR$CBStval,2000,SimulationTestbed/PIOC$CBStval,PIOC_FDR_CBStval,1648187804,5,1,FALSE,7,"[0, 1, 0, 0, 0, 0, 0]"
1648187807.31324,8240939.03656620,20:17:01:16:f0:23,01:0c:cd:01:00:01,0x8001,147,SimulationTestbed/PIOC$TRSF1$CBStval,2000,SimulationTestbed/PIOC$CBStval,PIOC_TRSF1_CBStval,1648187681,1,125,FALSE,4,"[0, 1, 0, 1]"
1648187807.46436,8240939.03732180,20:17:01:16:f0:32,01:0c:cd:01:00:01,0x8002,147,SimulationTestbed/PIOC$TRSF2$CBStval,2000,SimulationTestbed/PIOC$CBStval,PIOC_TRSF2_CBStval,1648187681,1,125,FALSE,4,"[1, 0, 0, 1]"
1648187807.64786,8240939.03823930,20:17:01:16:f0:11,01:0c:cd:01:00:01,0x8003,152,SimulationTestbed/PIOC$FDR$CBStval,2000,SimulationTestbed/PIOC$CBStval,PIOC_FDR_CBStval,1648187804,5,2,FALSE,7,"[0, 1, 0, 0, 0, 0, 0]"
1648187808.31342,8240939.04156710,20:17:01:16:f0:23,01:0c:cd:01:00:01,0x8001,147,SimulationTestbed/PIOC$TRSF1$CBStval,2000,SimulationTestbed/PIOC$CBStval,PIOC_TRSF1_CBStval,1648187681,1,126,FALSE,4,"[0, 1, 0, 1]"
1648187808.46479,8240939.04232395,20:17:01:16:f0:32,01:0c:cd:01:00:01,0x8002,147,SimulationTestbed/PIOC$TRSF2$CBStval,2000,SimulationTestbed/PIOC$CBStval,PIOC_TRSF2_CBStval,1648187681,1,126,FALSE,4,"[1, 0, 0, 1]"
1648187808.64768,8240939.04323840,20:17:01:16:f0:11,01:0c:cd:01:00:01,0x8003,152,SimulationTestbed/PIOC$FDR$CBStval,2000,SimulationTestbed/PIOC$CBStval,PIOC_FDR_CBStval,1648187804,5,3,FALSE,7,"[0, 1, 0, 0, 0, 0, 0]"
1648187809.31370,8240939.04656850,20:17:01:16:f0:23,01:0c:cd:01:00:01,0x8001,147,SimulationTestbed/PIOC$TRSF1$CBStval,2000,SimulationTestbed/PIOC$CBStval,PIOC_TRSF1_CBStval,1648187681,1,127,FALSE,4,"[0, 1, 0, 1]"
1648187809.46649,8240939.04733245,20:17:01:16:f0:32,01:0c:cd:01:00:01,0x8002,147,SimulationTestbed/PIOC$TRSF2$CBStval,2000,SimulationTestbed/PIOC$CBStval,PIOC_TRSF2_CBStval,1648187681,1,127,FALSE,4,"[1, 0, 0, 1]"
1648187809.64826,8240939.04824130,20:17:01:16:f0:11,01:0c:cd:01:00:01,0x8003,152,SimulationTestbed/PIOC$FDR$CBStval,2000,SimulationTestbed/PIOC$CBStval,PIOC_FDR_CBStval,1648187804,5,4,FALSE,7,"[0, 1, 0, 0, 0, 0, 0]"
1648187810.31446,8240939.05157230,20:17:01:16:f0:23,01:0c:cd:01:00:01,0x8001,148,SimulationTestbed/PIOC$TRSF1$CBStval,2000,SimulationTestbed/PIOC$CBStval,PIOC_TRSF1_CBStval,1648187681,1,128,FALSE,4,"[0, 1, 0, 1]"
1648187810.46664,8240939.05233320,20:17:01:16:f0:32,01:0c:cd:01:00:01,0x8002,148,SimulationTestbed/PIOC$TRSF2$CBStval,2000,SimulationTestbed/PIOC$CBStval,PIOC_TRSF2_CBStval,1648187681,1,128,FALSE,4,"[1, 0, 0, 1]"
1648187810.64920,8240939.05324600,20:17:01:16:f0:11,01:0c:cd:01:00:01,0x8003,152,SimulationTestbed/PIOC$FDR$CBStval,2000,SimulationTestbed/PIOC$CBStval,PIOC_FDR_CBStval,1648187804,5,5,FALSE,7,"[0, 1, 0, 0, 0, 0, 0]"
1648187811.31476,8240939.05657380,20:17:01:16:f0:23,01:0c:cd:01:00:01,0x8001,148,SimulationTestbed/PIOC$TRSF1$CBStval,2000,SimulationTestbed/PIOC$CBStval,PIOC_TRSF1_CBStval,1648187681,1,129,FALSE,4,"[0, 1, 0, 1]"
1648187811.46763,8240939.05733815,20:17:01:16:f0:32,01:0c:cd:01:00:01,0x8002,148,SimulationTestbed/PIOC$TRSF2$CBStval,2000,SimulationTestbed/PIOC$CBStval,PIOC_TRSF2_CBStval,1648187681,1,129,FALSE,4,"[1, 0, 0, 1]"
1648187811.64975,8240939.05824875,20:17:01:16:f0:11,01:0c:cd:01:00:01,0x8003,152,SimulationTestbed/PIOC$FDR$CBStval,2000,SimulationTestbed/PIOC$CBStval,PIOC_FDR_CBStval,1648187804,5,6,FALSE,7,"[0, 1, 0, 0, 0, 0, 0]"
1648187812.31604,8240939.06158020,20:17:01:16:f0:23,01:0c:cd:01:00:01,0x8001,148,SimulationTestbed/PIOC$TRSF1$CBStval,2000,SimulationTestbed/PIOC$CBStval,PIOC_TRSF1_CBStval,1648187681,1,130,FALSE,4,"[0, 1, 0, 1]"
1648187812.46725,8240939.06233625,20:17:01:16:f0:32,01:0c:cd:01:00:01,0x8002,148,SimulationTestbed/PIOC$TRSF2$CBStval,2000,SimulationTestbed/PIOC$CBStval,PIOC_TRSF2_CBStval,1648187681,1,130,FALSE,4,"[1, 0, 0, 1]"
1648187812.65091,8240939.06325455,20:17:01:16:f0:11,01:0c:cd:01:00:01,0x8003,152,SimulationTestbed/PIOC$FDR$CBStval,2000,SimulationTestbed/PIOC$CBStval,PIOC_FDR_CBStval,1648187804,5,7,FALSE,7,"[0, 1, 0, 0, 0, 0, 0]"
1648187813.31629,8240939.06658145,20:17:01:16:f0:23,01:0c:cd:01:00:01,0x8001,148,SimulationTestbed/PIOC$TRSF1$CBStval,2000,SimulationTestbed/PIOC$CBStval,PIOC_TRSF1_CBStval,1648187681,1,131,FALSE,4,"[0, 1, 0, 1]"
1648187813.46747,8240939.06733735,20:17:01:16:f0:32,01:0c:cd:01:00:01,0x8002,148,SimulationTestbed/PIOC$TRSF2$CBStval,2000,SimulationTestbed/PIOC$CBStval,PIOC_TRSF2_CBStval,1648187681,1,131,FALSE,4,"[1, 0, 0, 1]"
1648187813.65148,8240939.06825740,20:17:01:16:f0:11,01:0c:cd:01:00:01,0x8003,152,SimulationTestbed/PIOC$FDR$CBStval,2000,SimulationTestbed/PIOC$CBStval,PIOC_FDR_CBStval,1648187804,5,8,FALSE,7,"[0, 1, 0, 0, 0, 0, 0]"
1648187814.31668,8240939.07158340,20:17:01:16:f0:23,01:0c:cd:01:00:01,0x8001,148,SimulationTestbed/PIOC$TRSF1$CBStval,2000,SimulationTestbed/PIOC$CBStval,PIOC_TRSF1_CBStval,1648187681,1,132,FALSE,4,"[0, 1, 0, 1]"
1648187814.46773,8240939.07233865,20:17:01:16:f0:32,01:0c:cd:01:00:01,0x8002,148,SimulationTestbed/PIOC$TRSF2$CBStval,2000,SimulationTestbed/PIOC$CBStval,PIOC_TRSF2_CBStval,1648187681,1,132,FALSE,4,"[1, 0, 0, 1]"
1648187814.65172,8240939.07325860,20:17:01:16:f0:11,01:0c:cd:01:00:01,0x8003,152,SimulationTestbed/PIOC$FDR$CBStval,2000,SimulationTestbed/PIOC$CBStval,PIOC_FDR_CBStval,1648187804,5,9,FALSE,7,"[0, 1, 0, 0, 0, 0, 0]"
1648187815.31689,8240939.07658445,20:17:01:16:f0:23,01:0c:cd:01:00:01,0x8001,148,SimulationTestbed/PIOC$TRSF1$CBStval,2000,SimulationTestbed/PIOC$CBStval,PIOC_TRSF1_CBStval,1648187681,1,133,FALSE,4,"[0, 1, 0, 1]"
1648187815.46840,8240939.07734200,20:17:01:16:f0:32,01:0c:cd:01:00:01,0x8002,148,SimulationTestbed/PIOC$TRSF2$CBStval,2000,SimulationTestbed/PIOC$CBStval,PIOC_TRSF2_CBStval,1648187681,1,133,FALSE,4,"[1, 0, 0, 1]"
1648187815.65198,8240939.07825990,20:17:01:16:f0:11,01:0c:cd:01:00:01,0x8003,152,SimulationTestbed/PIOC$FDR$CBStval,2000,SimulationTestbed/PIOC$CBStval,PIOC_FDR_CBStval,1648187804,5,10,FALSE,7,"[0, 1, 0, 0, 0, 0, 0]"
1648187816.31715,8240939.08158575,20:17:01:16:f0:23,01:0c:cd:01:00:01,0x8001,148,SimulationTestbed/PIOC$TRSF1$CBStval,2000,SimulationTestbed/PIOC$CBStval,PIOC_TRSF1_CBStval,1648187681,1,134,FALSE,4,"[0, 1, 0, 1]"
1648187816.46894,8240939.08234470,20:17:01:16:f0:32,01:0c:cd:01:00:01,0x8002,148,SimulationTestbed/PIOC$TRSF2$CBStval,2000,SimulationTestbed/PIOC$CBStval,PIOC_TRSF2_CBStval,1648187681,1,134,FALSE,4,"[1, 0, 0, 1]"
1648187816.65242,8240939.08326210,20:17:01:16:f0:11,01:0c:cd:01:00:01,0x8003,152,SimulationTestbed/PIOC$FDR$CBStval,2000,SimulationTestbed/PIOC$CBStval,PIOC_FDR_CBStval,1648187804,5,11,FALSE,7,"[0, 1, 0, 0, 0, 0, 0]"
1648187817.31745,8240939.08658725,20:17:01:16:f0:23,01:0c:cd:01:00:01,0x8001,148,SimulationTestbed/PIOC$TRSF1$CBStval,2000,SimulationTestbed/PIOC$CBStval,PIOC_TRSF1_CBStval,1648187681,1,135,FALSE,4,"[0, 1, 0, 1]"
1648187817.46964,8240939.08734820,20:17:01:16:f0:32,01:0c:cd:01:00:01,0x8002,148,SimulationTestbed/PIOC$TRSF2$CBStval,2000,SimulationTestbed/PIOC$CBStval,PIOC_TRSF2_CBStval,1648187681,1,135,FALSE,4,"[1, 0, 0, 1]"
1648187817.65278,8240939.08826390,20:17:01:16:f0:11,01:0c:cd:01:00:01,0x8003,152,SimulationTestbed/PIOC$FDR$CBStval,2000,SimulationTestbed/PIOC$CBStval,PIOC_FDR_CBStval,1648187804,5,12,FALSE,7,"[0, 1, 0, 0, 0, 0, 0]"
1648187818.31780,8240939.09158900,20:17:01:16:f0:23,01:0c:cd:01:00:01,0x8001,148,SimulationTestbed/PIOC$TRSF1$CBStval,2000,SimulationTestbed/PIOC$CBStval,PIOC_TRSF1_CBStval,1648187681,1,136,FALSE,4,"[0, 1, 0, 1]"
1648187818.46994,8240939.09234970,20:17:01:16:f0:32,01:0c:cd:01:00:01,0x8002,148,SimulationTestbed/PIOC$TRSF2$CBStval,2000,SimulationTestbed/PIOC$CBStval,PIOC_TRSF2_CBStval,1648187681,1,136,FALSE,4,"[1, 0, 0, 1]"
1648187818.65305,8240939.09326525,20:17:01:16:f0:11,01:0c:cd:01:00:01,0x8003,152,SimulationTestbed/PIOC$FDR$CBStval,2000,SimulationTestbed/PIOC$CBStval,PIOC_FDR_CBStval,1648187804,5,13,FALSE,7,"[0, 1, 0, 0, 0, 0, 0]"
1648187819.31844,8240939.09659220,20:17:01:16:f0:23,01:0c:cd:01:00:01,0x8001,148,SimulationTestbed/PIOC$TRSF1$CBStval,2000,SimulationTestbed/PIOC$CBStval,PIOC_TRSF1_CBStval,1648187681,1,137,FALSE,4,"[0, 1, 0, 1]"
1648187819.46969,8240939.09734845,20:17:01:16:f0:32,01:0c:cd:01:00:01,0x8002,148,SimulationTestbed/PIOC$TRSF2$CBStval,2000,SimulationTestbed/PIOC$CBStval,PIOC_TRSF2_CBStval,1648187681,1,137,FALSE,4,"[1, 0, 0, 1]"
1648187820.31886,8240939.10159430,20:17:01:16:f0:23,01:0c:cd:01:00:01,0x8001,148,SimulationTestbed/PIOC$TRSF1$CBStval,2000,SimulationTestbed/PIOC$CBStval,PIOC_TRSF1_CBStval,1648187681,1,138,FALSE,4,"[0, 1, 0, 1]"
1648187820.47010,8240939.10235050,20:17:01:16:f0:32,01:0c:cd:01:00:01,0x8002,148,SimulationTestbed/PIOC$TRSF2$CBStval,2000,SimulationTestbed/PIOC$CBStval,PIOC_TRSF2_CBStval,1648187681,1,138,FALSE,4,"[1, 0, 0, 1]"
1648187821.31906,8240939.10659530,20:17:01:16:f0:23,01:0c:cd:01:00:01,0x8001,148,SimulationTestbed/PIOC$TRSF1$CBStval,2000,SimulationTestbed/PIOC$CBStval,PIOC_TRSF1_CBStval,1648187681,1,139,FALSE,4,"[0, 1, 0, 1]"
1648187821.47066,8240939.10735330,20:17:01:16:f0:32,01:0c:cd:01:00:01,0x8002,148,SimulationTestbed/PIOC$TRSF2$CBStval,2000,SimulationTestbed/PIOC$CBStval,PIOC_TRSF2_CBStval,1648187681,1,139,FALSE,4,"[1, 0, 0, 1]"
